{"$id":"448","definitionId":"PipelineApp-INSTANCES-Feature_8b219c14-d5a9-48fb-9841-65efad584e73","versionId":"2","name":"PipelineApp-INSTANCES-Feature","displayName":"PipelineApp-INSTANCES-Feature","description":"0","version":0,"variables":{"$id":"449","data":{}},"customAttributes":{"$id":"450","data":{}},"isSingleton":false,"persistenceBehavior":"WorkflowBurst","deleteCompletedInstances":false,"isPublished":false,"isLatest":false,"tag":"Feature","createdAt":"1970-01-01T00:00:00Z","activities":[],"connections":[],"id":"2"}