{"$id":"451","definitionId":"PipelineApp-INSTANCES-Conference_dea3ce0d-3d53-4271-826c-50773dae6eca","versionId":"3","name":"PipelineApp-INSTANCES-Conference","displayName":"PipelineApp-INSTANCES-Conference","description":"1","version":0,"variables":{"$id":"452","data":{}},"customAttributes":{"$id":"453","data":{}},"isSingleton":false,"persistenceBehavior":"WorkflowBurst","deleteCompletedInstances":false,"isPublished":false,"isLatest":false,"tag":"Conference","createdAt":"1970-01-01T00:00:00Z","activities":[],"connections":[],"id":"3"}