{"$id":"454","definitionId":"PipelineApp-INSTANCES-Event_fa985610-0e7b-42e0-8c6e-8a1a2a177aac","versionId":"4","name":"PipelineApp-INSTANCES-Event","displayName":"PipelineApp-INSTANCES-Event","description":"2","version":0,"variables":{"$id":"455","data":{}},"customAttributes":{"$id":"456","data":{}},"isSingleton":false,"persistenceBehavior":"WorkflowBurst","deleteCompletedInstances":false,"isPublished":false,"isLatest":false,"tag":"Event","createdAt":"1970-01-01T00:00:00Z","activities":[],"connections":[],"id":"4"}