{"$id":"457","definitionId":"PipelineApp-INSTANCES-Company_4fe9d588-4c78-4b58-85e9-7f47e153681b","versionId":"5","name":"PipelineApp-INSTANCES-Company","displayName":"PipelineApp-INSTANCES-Company","description":"3","version":0,"variables":{"$id":"458","data":{}},"customAttributes":{"$id":"459","data":{}},"isSingleton":false,"persistenceBehavior":"WorkflowBurst","deleteCompletedInstances":false,"isPublished":false,"isLatest":false,"tag":"Company","createdAt":"1970-01-01T00:00:00Z","activities":[],"connections":[],"id":"5"}