{"$id":"460","definitionId":"PipelineApp-INSTANCES-Attendee_9d58ffdb-8d20-42b8-b936-5dfb6eea4c5b","versionId":"6","name":"PipelineApp-INSTANCES-Attendee","displayName":"PipelineApp-INSTANCES-Attendee","description":"4","version":0,"variables":{"$id":"461","data":{}},"customAttributes":{"$id":"462","data":{}},"isSingleton":false,"persistenceBehavior":"WorkflowBurst","deleteCompletedInstances":false,"isPublished":false,"isLatest":false,"tag":"Attendee","createdAt":"1970-01-01T00:00:00Z","activities":[{"$id":"463","activityId":"AddInstance_Attendee_100","type":"SolutionsObjectInstanceCreate","name":"AddInstance_Attendee_100","displayName":"AddInstance_Attendee_100","x":72,"y":72,"persistWorkflow":false,"loadWorkflowContext":false,"saveWorkflowContext":false,"properties":[{"$id":"464","name":"ObjectType","syntax":"JavaScript","expressions":{"$id":"465","JavaScript":"return \"Attendee\";"}},{"$id":"466","name":"Values","syntax":"Json","expressions":{"$id":"467","Json":"{\"Title\":\"Alice Anderson\",\"TitleChar\":\"A\",\"FirstName\":\"Alice\",\"LastName\":\"Anderson\"}"}}],"propertyStorageProviders":{"$id":"468"}},{"$id":"469","activityId":"AddInstance_Attendee_101","type":"SolutionsObjectInstanceCreate","name":"AddInstance_Attendee_101","displayName":"AddInstance_Attendee_101","x":144,"y":144,"persistWorkflow":false,"loadWorkflowContext":false,"saveWorkflowContext":false,"properties":[{"$id":"470","name":"ObjectType","syntax":"JavaScript","expressions":{"$id":"471","JavaScript":"return \"Attendee\";"}},{"$id":"472","name":"Values","syntax":"Json","expressions":{"$id":"473","Json":"{\"Title\":\"Amy Adams\",\"TitleChar\":\"A\",\"FirstName\":\"Amy\",\"LastName\":\"Adams\"}"}}],"propertyStorageProviders":{"$id":"474"}}],"connections":[{"$id":"475","sourceActivityId":"AddInstance_Attendee_100","targetActivityId":"AddInstance_Attendee_101","outcome":"Faulted"},{"$id":"476","sourceActivityId":"AddInstance_Attendee_100","targetActivityId":"AddInstance_Attendee_101","outcome":"Success"}],"id":"6"}