{"$id":"477","definitionId":"PipelineApp-INSTANCES-Sponsor_bf025084-4af2-485e-9766-ae2bd110c84e","versionId":"7","name":"PipelineApp-INSTANCES-Sponsor","displayName":"PipelineApp-INSTANCES-Sponsor","description":"5","version":0,"variables":{"$id":"478","data":{}},"customAttributes":{"$id":"479","data":{}},"isSingleton":false,"persistenceBehavior":"WorkflowBurst","deleteCompletedInstances":false,"isPublished":false,"isLatest":false,"tag":"Sponsor","createdAt":"1970-01-01T00:00:00Z","activities":[],"connections":[],"id":"7"}