{"$id":"480","definitionId":"PipelineApp-INSTANCES-ConferenceAttendeeMap_93d67dc8-93f7-4c3a-9a40-ce34fc1b1429","versionId":"8","name":"PipelineApp-INSTANCES-ConferenceAttendeeMap","displayName":"PipelineApp-INSTANCES-ConferenceAttendeeMap","description":"6","version":0,"variables":{"$id":"481","data":{}},"customAttributes":{"$id":"482","data":{}},"isSingleton":false,"persistenceBehavior":"WorkflowBurst","deleteCompletedInstances":false,"isPublished":false,"isLatest":false,"tag":"ConferenceAttendeeMap","createdAt":"1970-01-01T00:00:00Z","activities":[],"connections":[],"id":"8"}