{"$id":"483","definitionId":"PipelineApp-INSTANCES-User_191a18f4-10c5-43f2-9107-136b3182906c","versionId":"9","name":"PipelineApp-INSTANCES-User","displayName":"PipelineApp-INSTANCES-User","description":"7","version":0,"variables":{"$id":"484","data":{}},"customAttributes":{"$id":"485","data":{}},"isSingleton":false,"persistenceBehavior":"WorkflowBurst","deleteCompletedInstances":false,"isPublished":false,"isLatest":false,"tag":"User","createdAt":"1970-01-01T00:00:00Z","activities":[{"$id":"486","activityId":"AddInstance_User_1","type":"SolutionsObjectInstanceCreate","name":"AddInstance_User_1","displayName":"AddInstance_User_1","x":72,"y":72,"persistWorkflow":false,"loadWorkflowContext":false,"saveWorkflowContext":false,"properties":[{"$id":"487","name":"ObjectType","syntax":"JavaScript","expressions":{"$id":"488","JavaScript":"return \"User\";"}},{"$id":"489","name":"Values","syntax":"Json","expressions":{"$id":"490","Json":"{\"Title\":\"Nick Beaugeard\",\"Email\":\"nick@worldofworkflows.com\",\"Phone\":\"\\u002B61404092976\",\"OTP\":\"123456\"}"}}],"propertyStorageProviders":{"$id":"491"}}],"connections":[],"id":"9"}