{"$id":"492","definitionId":"PipelineApp-INSTANCES-Delegates_c825b0ca-7411-4590-80b0-50369ff2ae55","versionId":"10","name":"PipelineApp-INSTANCES-Delegates","displayName":"PipelineApp-INSTANCES-Delegates","description":"8","version":0,"variables":{"$id":"493","data":{}},"customAttributes":{"$id":"494","data":{}},"isSingleton":false,"persistenceBehavior":"WorkflowBurst","deleteCompletedInstances":false,"isPublished":false,"isLatest":false,"tag":"Delegates","createdAt":"1970-01-01T00:00:00Z","activities":[{"$id":"495","activityId":"AddInstance_Delegates_2","type":"SolutionsObjectInstanceCreate","name":"AddInstance_Delegates_2","displayName":"AddInstance_Delegates_2","x":72,"y":72,"persistWorkflow":false,"loadWorkflowContext":false,"saveWorkflowContext":false,"properties":[{"$id":"496","name":"ObjectType","syntax":"JavaScript","expressions":{"$id":"497","JavaScript":"return \"Delegates\";"}},{"$id":"498","name":"Values","syntax":"Json","expressions":{"$id":"499","Json":"{\"Title\":\"Nick Zafiriou\",\"Attended\":\"Y\",\"FirstName\":\"Nick\",\"Surname\":\"Zafiriou\",\"Company\":\"Cloud4X\",\"JobTitle\":\"Managing Director  \",\"Email\":\"nicolas.zafiriou@cloud4x.com.au\",\"PhoneNumber\":\"02 9167 0311\"}"}}],"propertyStorageProviders":{"$id":"500"}},{"$id":"501","activityId":"AddInstance_Delegates_3","type":"SolutionsObjectInstanceCreate","name":"AddInstance_Delegates_3","displayName":"AddInstance_Delegates_3","x":144,"y":144,"persistWorkflow":false,"loadWorkflowContext":false,"saveWorkflowContext":false,"properties":[{"$id":"502","name":"ObjectType","syntax":"JavaScript","expressions":{"$id":"503","JavaScript":"return \"Delegates\";"}},{"$id":"504","name":"Values","syntax":"Json","expressions":{"$id":"505","Json":"{\"Title\":\"Michelle Primmer\",\"Attended\":\"Y\",\"FirstName\":\"Michelle\",\"Surname\":\"Primmer\",\"Company\":\"Brennan\",\"JobTitle\":\"Head of marketing\",\"Email\":\"michelle.primmer@brennanit.com.au\",\"PhoneNumber\":\"420573617\"}"}}],"propertyStorageProviders":{"$id":"506"}},{"$id":"507","activityId":"AddInstance_Delegates_4","type":"SolutionsObjectInstanceCreate","name":"AddInstance_Delegates_4","displayName":"AddInstance_Delegates_4","x":216,"y":216,"persistWorkflow":false,"loadWorkflowContext":false,"saveWorkflowContext":false,"properties":[{"$id":"508","name":"ObjectType","syntax":"JavaScript","expressions":{"$id":"509","JavaScript":"return \"Delegates\";"}},{"$id":"510","name":"Values","syntax":"Json","expressions":{"$id":"511","Json":"{\"Title\":\"Lincoln Naish\",\"Attended\":\"Y\",\"FirstName\":\"Lincoln\",\"Surname\":\"Naish\",\"Company\":\"Networx Australia Pty Ltd\",\"JobTitle\":\"Marketing\",\"Email\":\"lnaish@networxenterprise.com\",\"PhoneNumber\":\"61466896114\"}"}}],"propertyStorageProviders":{"$id":"512"}},{"$id":"513","activityId":"AddInstance_Delegates_5","type":"SolutionsObjectInstanceCreate","name":"AddInstance_Delegates_5","displayName":"AddInstance_Delegates_5","x":288,"y":288,"persistWorkflow":false,"loadWorkflowContext":false,"saveWorkflowContext":false,"properties":[{"$id":"514","name":"ObjectType","syntax":"JavaScript","expressions":{"$id":"515","JavaScript":"return \"Delegates\";"}},{"$id":"516","name":"Values","syntax":"Json","expressions":{"$id":"517","Json":"{\"Title\":\"Lee Scott\",\"Attended\":\"Y\",\"FirstName\":\"Lee\",\"Surname\":\"Scott\",\"Company\":\"Leading Edge Retail\",\"JobTitle\":\"Executive Consultant\",\"Email\":\"lee.scott@leadingedgegroup.com.au\",\"PhoneNumber\":\"61437046540\"}"}}],"propertyStorageProviders":{"$id":"518"}},{"$id":"519","activityId":"AddInstance_Delegates_6","type":"SolutionsObjectInstanceCreate","name":"AddInstance_Delegates_6","displayName":"AddInstance_Delegates_6","x":360,"y":360,"persistWorkflow":false,"loadWorkflowContext":false,"saveWorkflowContext":false,"properties":[{"$id":"520","name":"ObjectType","syntax":"JavaScript","expressions":{"$id":"521","JavaScript":"return \"Delegates\";"}},{"$id":"522","name":"Values","syntax":"Json","expressions":{"$id":"523","Json":"{\"Title\":\"Jules Rumsey\",\"Attended\":\"Y\",\"FirstName\":\"Jules\",\"Surname\":\"Rumsey\",\"Company\":\"Cloud Plus\",\"JobTitle\":\"Chief Executive Officer\",\"Email\":\"jules.rumsey@cloudplus.com\",\"PhoneNumber\":\"413613698\"}"}}],"propertyStorageProviders":{"$id":"524"}},{"$id":"525","activityId":"AddInstance_Delegates_7","type":"SolutionsObjectInstanceCreate","name":"AddInstance_Delegates_7","displayName":"AddInstance_Delegates_7","x":432,"y":432,"persistWorkflow":false,"loadWorkflowContext":false,"saveWorkflowContext":false,"properties":[{"$id":"526","name":"ObjectType","syntax":"JavaScript","expressions":{"$id":"527","JavaScript":"return \"Delegates\";"}},{"$id":"528","name":"Values","syntax":"Json","expressions":{"$id":"529","Json":"{\"Title\":\"Matt Bruce\",\"Attended\":\"Y\",\"FirstName\":\"Matt\",\"Surname\":\"Bruce\",\"Company\":\"Landfall\",\"JobTitle\":\"Head of Growth\",\"Email\":\"matt.bruce@landfall.cc\",\"PhoneNumber\":\"61432694724\"}"}}],"propertyStorageProviders":{"$id":"530"}},{"$id":"531","activityId":"AddInstance_Delegates_8","type":"SolutionsObjectInstanceCreate","name":"AddInstance_Delegates_8","displayName":"AddInstance_Delegates_8","x":504,"y":504,"persistWorkflow":false,"loadWorkflowContext":false,"saveWorkflowContext":false,"properties":[{"$id":"532","name":"ObjectType","syntax":"JavaScript","expressions":{"$id":"533","JavaScript":"return \"Delegates\";"}},{"$id":"534","name":"Values","syntax":"Json","expressions":{"$id":"535","Json":"{\"Title\":\"John Orrock\",\"Attended\":\"Y\",\"FirstName\":\"John\",\"Surname\":\"Orrock\",\"Company\":\"Barhead\",\"JobTitle\":\"Co-Founder \",\"Email\":\"john@barhead.com\",\"PhoneNumber\":\"0409 590 915\"}"}}],"propertyStorageProviders":{"$id":"536"}},{"$id":"537","activityId":"AddInstance_Delegates_9","type":"SolutionsObjectInstanceCreate","name":"AddInstance_Delegates_9","displayName":"AddInstance_Delegates_9","x":576,"y":576,"persistWorkflow":false,"loadWorkflowContext":false,"saveWorkflowContext":false,"properties":[{"$id":"538","name":"ObjectType","syntax":"JavaScript","expressions":{"$id":"539","JavaScript":"return \"Delegates\";"}},{"$id":"540","name":"Values","syntax":"Json","expressions":{"$id":"541","Json":"{\"Title\":\"John Lin\",\"Attended\":\"Y\",\"FirstName\":\"John\",\"Surname\":\"Lin\",\"Company\":\"Gazi Group\",\"JobTitle\":\"Senior Partner\",\"Email\":\"johnl@gazigroup.com.au\",\"PhoneNumber\":\"408809070\"}"}}],"propertyStorageProviders":{"$id":"542"}},{"$id":"543","activityId":"AddInstance_Delegates_10","type":"SolutionsObjectInstanceCreate","name":"AddInstance_Delegates_10","displayName":"AddInstance_Delegates_10","x":648,"y":648,"persistWorkflow":false,"loadWorkflowContext":false,"saveWorkflowContext":false,"properties":[{"$id":"544","name":"ObjectType","syntax":"JavaScript","expressions":{"$id":"545","JavaScript":"return \"Delegates\";"}},{"$id":"546","name":"Values","syntax":"Json","expressions":{"$id":"547","Json":"{\"Title\":\"Mohammed Dean\",\"Attended\":\"Y\",\"FirstName\":\"Mohammed\",\"Surname\":\"Dean\",\"Company\":\"Cloud4x\",\"JobTitle\":\"General Manager\",\"Email\":\"mohammed.dean@cloud4x.com.au\",\"PhoneNumber\":\"402825012\"}"}}],"propertyStorageProviders":{"$id":"548"}},{"$id":"549","activityId":"AddInstance_Delegates_11","type":"SolutionsObjectInstanceCreate","name":"AddInstance_Delegates_11","displayName":"AddInstance_Delegates_11","x":720,"y":720,"persistWorkflow":false,"loadWorkflowContext":false,"saveWorkflowContext":false,"properties":[{"$id":"550","name":"ObjectType","syntax":"JavaScript","expressions":{"$id":"551","JavaScript":"return \"Delegates\";"}},{"$id":"552","name":"Values","syntax":"Json","expressions":{"$id":"553","Json":"{\"Title\":\"Jayati Gulati\",\"Attended\":\"Y\",\"FirstName\":\"Jayati\",\"Surname\":\"Gulati\",\"Company\":\"blueAPACHE\",\"JobTitle\":\"Head of Sales\",\"Email\":\"jayati.gulati@blueapache.com\",\"PhoneNumber\":\"421921697\"}"}}],"propertyStorageProviders":{"$id":"554"}},{"$id":"555","activityId":"AddInstance_Delegates_12","type":"SolutionsObjectInstanceCreate","name":"AddInstance_Delegates_12","displayName":"AddInstance_Delegates_12","x":792,"y":792,"persistWorkflow":false,"loadWorkflowContext":false,"saveWorkflowContext":false,"properties":[{"$id":"556","name":"ObjectType","syntax":"JavaScript","expressions":{"$id":"557","JavaScript":"return \"Delegates\";"}},{"$id":"558","name":"Values","syntax":"Json","expressions":{"$id":"559","Json":"{\"Title\":\"Jason Durrant\",\"Attended\":\"Y\",\"FirstName\":\"Jason\",\"Surname\":\"Durrant\",\"Company\":\"3 Lights\",\"JobTitle\":\"National Account Director\",\"Email\":\"jason@3lights.com.au\",\"PhoneNumber\":\"61466599126\"}"}}],"propertyStorageProviders":{"$id":"560"}},{"$id":"561","activityId":"AddInstance_Delegates_13","type":"SolutionsObjectInstanceCreate","name":"AddInstance_Delegates_13","displayName":"AddInstance_Delegates_13","x":864,"y":864,"persistWorkflow":false,"loadWorkflowContext":false,"saveWorkflowContext":false,"properties":[{"$id":"562","name":"ObjectType","syntax":"JavaScript","expressions":{"$id":"563","JavaScript":"return \"Delegates\";"}},{"$id":"564","name":"Values","syntax":"Json","expressions":{"$id":"565","Json":"{\"Title\":\"Imogene Findlay\",\"Attended\":\"Y\",\"FirstName\":\"Imogene\",\"Surname\":\"Findlay\",\"Company\":\"AUP IT\",\"JobTitle\":\"SDM\",\"Email\":\"imogene.findlay@aupit.com.au\",\"PhoneNumber\":\"282943299\"}"}}],"propertyStorageProviders":{"$id":"566"}},{"$id":"567","activityId":"AddInstance_Delegates_14","type":"SolutionsObjectInstanceCreate","name":"AddInstance_Delegates_14","displayName":"AddInstance_Delegates_14","x":936,"y":936,"persistWorkflow":false,"loadWorkflowContext":false,"saveWorkflowContext":false,"properties":[{"$id":"568","name":"ObjectType","syntax":"JavaScript","expressions":{"$id":"569","JavaScript":"return \"Delegates\";"}},{"$id":"570","name":"Values","syntax":"Json","expressions":{"$id":"571","Json":"{\"Title\":\"Hayley Giles\",\"Attended\":\"Y\",\"FirstName\":\"Hayley\",\"Surname\":\"Giles\",\"Company\":\"Acclario IT\",\"JobTitle\":\"Marketing Manager\",\"Email\":\"hayley.giles@acclario.com.au\",\"PhoneNumber\":\"481810468\"}"}}],"propertyStorageProviders":{"$id":"572"}},{"$id":"573","activityId":"AddInstance_Delegates_15","type":"SolutionsObjectInstanceCreate","name":"AddInstance_Delegates_15","displayName":"AddInstance_Delegates_15","x":1008,"y":1008,"persistWorkflow":false,"loadWorkflowContext":false,"saveWorkflowContext":false,"properties":[{"$id":"574","name":"ObjectType","syntax":"JavaScript","expressions":{"$id":"575","JavaScript":"return \"Delegates\";"}},{"$id":"576","name":"Values","syntax":"Json","expressions":{"$id":"577","Json":"{\"Title\":\"Nick  Sone\",\"Attended\":\"Y\",\"FirstName\":\"Nick \",\"Surname\":\"Sone\",\"Company\":\"Brennan\",\"JobTitle\":\"Chief Customer Officer\",\"Email\":\"Nick.Sone@brennanit.com.au\",\"PhoneNumber\":\"0414 946 713\"}"}}],"propertyStorageProviders":{"$id":"578"}},{"$id":"579","activityId":"AddInstance_Delegates_16","type":"SolutionsObjectInstanceCreate","name":"AddInstance_Delegates_16","displayName":"AddInstance_Delegates_16","x":1080,"y":1080,"persistWorkflow":false,"loadWorkflowContext":false,"saveWorkflowContext":false,"properties":[{"$id":"580","name":"ObjectType","syntax":"JavaScript","expressions":{"$id":"581","JavaScript":"return \"Delegates\";"}},{"$id":"582","name":"Values","syntax":"Json","expressions":{"$id":"583","Json":"{\"Title\":\"Mark Pace\",\"Attended\":\"Y\",\"FirstName\":\"Mark\",\"Surname\":\"Pace\",\"Company\":\"Sterling IT\",\"JobTitle\":\"Director\",\"Email\":\"mark.pace@sterlingit.com.au\",\"PhoneNumber\":\"280006666\"}"}}],"propertyStorageProviders":{"$id":"584"}},{"$id":"585","activityId":"AddInstance_Delegates_17","type":"SolutionsObjectInstanceCreate","name":"AddInstance_Delegates_17","displayName":"AddInstance_Delegates_17","x":1152,"y":1152,"persistWorkflow":false,"loadWorkflowContext":false,"saveWorkflowContext":false,"properties":[{"$id":"586","name":"ObjectType","syntax":"JavaScript","expressions":{"$id":"587","JavaScript":"return \"Delegates\";"}},{"$id":"588","name":"Values","syntax":"Json","expressions":{"$id":"589","Json":"{\"Title\":\"Jim Cantor\",\"Attended\":\"Y\",\"FirstName\":\"Jim\",\"Surname\":\"Cantor\",\"Company\":\"World of Workflows\",\"JobTitle\":\"Customer Success Team Lead\",\"Email\":\"jim@worldofworkflows.com\",\"PhoneNumber\":\"414593723\"}"}}],"propertyStorageProviders":{"$id":"590"}},{"$id":"591","activityId":"AddInstance_Delegates_18","type":"SolutionsObjectInstanceCreate","name":"AddInstance_Delegates_18","displayName":"AddInstance_Delegates_18","x":1224,"y":1224,"persistWorkflow":false,"loadWorkflowContext":false,"saveWorkflowContext":false,"properties":[{"$id":"592","name":"ObjectType","syntax":"JavaScript","expressions":{"$id":"593","JavaScript":"return \"Delegates\";"}},{"$id":"594","name":"Values","syntax":"Json","expressions":{"$id":"595","Json":"{\"Title\":\"Melanie  Unwin \",\"Attended\":\"Y\",\"FirstName\":\"Melanie \",\"Surname\":\"Unwin \",\"Company\":\"Mogrify\",\"JobTitle\":\"Co-Founder \",\"Email\":\"melanie@mogrify.com\",\"PhoneNumber\":\"0424 091 109\"}"}}],"propertyStorageProviders":{"$id":"596"}},{"$id":"597","activityId":"AddInstance_Delegates_19","type":"SolutionsObjectInstanceCreate","name":"AddInstance_Delegates_19","displayName":"AddInstance_Delegates_19","x":1296,"y":1296,"persistWorkflow":false,"loadWorkflowContext":false,"saveWorkflowContext":false,"properties":[{"$id":"598","name":"ObjectType","syntax":"JavaScript","expressions":{"$id":"599","JavaScript":"return \"Delegates\";"}},{"$id":"600","name":"Values","syntax":"Json","expressions":{"$id":"601","Json":"{\"Title\":\"Jody King\",\"Attended\":\"Y\",\"FirstName\":\"Jody\",\"Surname\":\"King\",\"Company\":\"Secure Agility\",\"JobTitle\":\"GM Marketing \\u0026 Alliances\",\"Email\":\"jody.king@secureagility.com\",\"PhoneNumber\":\"21300857827\"}"}}],"propertyStorageProviders":{"$id":"602"}},{"$id":"603","activityId":"AddInstance_Delegates_20","type":"SolutionsObjectInstanceCreate","name":"AddInstance_Delegates_20","displayName":"AddInstance_Delegates_20","x":1368,"y":1368,"persistWorkflow":false,"loadWorkflowContext":false,"saveWorkflowContext":false,"properties":[{"$id":"604","name":"ObjectType","syntax":"JavaScript","expressions":{"$id":"605","JavaScript":"return \"Delegates\";"}},{"$id":"606","name":"Values","syntax":"Json","expressions":{"$id":"607","Json":"{\"Title\":\"Graham Robinson\",\"Attended\":\"Y\",\"FirstName\":\"Graham\",\"Surname\":\"Robinson\",\"Company\":\"Data#3\",\"JobTitle\":\"Chief Technology Officer\",\"Email\":\"Graham_Robinson@data3.com.au\",\"PhoneNumber\":\"0414 499 128\"}"}}],"propertyStorageProviders":{"$id":"608"}},{"$id":"609","activityId":"AddInstance_Delegates_21","type":"SolutionsObjectInstanceCreate","name":"AddInstance_Delegates_21","displayName":"AddInstance_Delegates_21","x":1440,"y":1440,"persistWorkflow":false,"loadWorkflowContext":false,"saveWorkflowContext":false,"properties":[{"$id":"610","name":"ObjectType","syntax":"JavaScript","expressions":{"$id":"611","JavaScript":"return \"Delegates\";"}},{"$id":"612","name":"Values","syntax":"Json","expressions":{"$id":"613","Json":"{\"Title\":\"Grace Waldermar\",\"Attended\":\"Y\",\"FirstName\":\"Grace\",\"Surname\":\"Waldermar\",\"Company\":\"USEZER\",\"JobTitle\":\"Solutions Consultant\",\"Email\":\"gwaldemar@usezer.com.au\",\"PhoneNumber\":\"280075400\"}"}}],"propertyStorageProviders":{"$id":"614"}}],"connections":[{"$id":"615","sourceActivityId":"AddInstance_Delegates_2","targetActivityId":"AddInstance_Delegates_3","outcome":"Faulted"},{"$id":"616","sourceActivityId":"AddInstance_Delegates_2","targetActivityId":"AddInstance_Delegates_3","outcome":"Success"},{"$id":"617","sourceActivityId":"AddInstance_Delegates_3","targetActivityId":"AddInstance_Delegates_4","outcome":"Faulted"},{"$id":"618","sourceActivityId":"AddInstance_Delegates_3","targetActivityId":"AddInstance_Delegates_4","outcome":"Success"},{"$id":"619","sourceActivityId":"AddInstance_Delegates_4","targetActivityId":"AddInstance_Delegates_5","outcome":"Faulted"},{"$id":"620","sourceActivityId":"AddInstance_Delegates_4","targetActivityId":"AddInstance_Delegates_5","outcome":"Success"},{"$id":"621","sourceActivityId":"AddInstance_Delegates_5","targetActivityId":"AddInstance_Delegates_6","outcome":"Faulted"},{"$id":"622","sourceActivityId":"AddInstance_Delegates_5","targetActivityId":"AddInstance_Delegates_6","outcome":"Success"},{"$id":"623","sourceActivityId":"AddInstance_Delegates_6","targetActivityId":"AddInstance_Delegates_7","outcome":"Faulted"},{"$id":"624","sourceActivityId":"AddInstance_Delegates_6","targetActivityId":"AddInstance_Delegates_7","outcome":"Success"},{"$id":"625","sourceActivityId":"AddInstance_Delegates_7","targetActivityId":"AddInstance_Delegates_8","outcome":"Faulted"},{"$id":"626","sourceActivityId":"AddInstance_Delegates_7","targetActivityId":"AddInstance_Delegates_8","outcome":"Success"},{"$id":"627","sourceActivityId":"AddInstance_Delegates_8","targetActivityId":"AddInstance_Delegates_9","outcome":"Faulted"},{"$id":"628","sourceActivityId":"AddInstance_Delegates_8","targetActivityId":"AddInstance_Delegates_9","outcome":"Success"},{"$id":"629","sourceActivityId":"AddInstance_Delegates_9","targetActivityId":"AddInstance_Delegates_10","outcome":"Faulted"},{"$id":"630","sourceActivityId":"AddInstance_Delegates_9","targetActivityId":"AddInstance_Delegates_10","outcome":"Success"},{"$id":"631","sourceActivityId":"AddInstance_Delegates_10","targetActivityId":"AddInstance_Delegates_11","outcome":"Faulted"},{"$id":"632","sourceActivityId":"AddInstance_Delegates_10","targetActivityId":"AddInstance_Delegates_11","outcome":"Success"},{"$id":"633","sourceActivityId":"AddInstance_Delegates_11","targetActivityId":"AddInstance_Delegates_12","outcome":"Faulted"},{"$id":"634","sourceActivityId":"AddInstance_Delegates_11","targetActivityId":"AddInstance_Delegates_12","outcome":"Success"},{"$id":"635","sourceActivityId":"AddInstance_Delegates_12","targetActivityId":"AddInstance_Delegates_13","outcome":"Faulted"},{"$id":"636","sourceActivityId":"AddInstance_Delegates_12","targetActivityId":"AddInstance_Delegates_13","outcome":"Success"},{"$id":"637","sourceActivityId":"AddInstance_Delegates_13","targetActivityId":"AddInstance_Delegates_14","outcome":"Faulted"},{"$id":"638","sourceActivityId":"AddInstance_Delegates_13","targetActivityId":"AddInstance_Delegates_14","outcome":"Success"},{"$id":"639","sourceActivityId":"AddInstance_Delegates_14","targetActivityId":"AddInstance_Delegates_15","outcome":"Faulted"},{"$id":"640","sourceActivityId":"AddInstance_Delegates_14","targetActivityId":"AddInstance_Delegates_15","outcome":"Success"},{"$id":"641","sourceActivityId":"AddInstance_Delegates_15","targetActivityId":"AddInstance_Delegates_16","outcome":"Faulted"},{"$id":"642","sourceActivityId":"AddInstance_Delegates_15","targetActivityId":"AddInstance_Delegates_16","outcome":"Success"},{"$id":"643","sourceActivityId":"AddInstance_Delegates_16","targetActivityId":"AddInstance_Delegates_17","outcome":"Faulted"},{"$id":"644","sourceActivityId":"AddInstance_Delegates_16","targetActivityId":"AddInstance_Delegates_17","outcome":"Success"},{"$id":"645","sourceActivityId":"AddInstance_Delegates_17","targetActivityId":"AddInstance_Delegates_18","outcome":"Faulted"},{"$id":"646","sourceActivityId":"AddInstance_Delegates_17","targetActivityId":"AddInstance_Delegates_18","outcome":"Success"},{"$id":"647","sourceActivityId":"AddInstance_Delegates_18","targetActivityId":"AddInstance_Delegates_19","outcome":"Faulted"},{"$id":"648","sourceActivityId":"AddInstance_Delegates_18","targetActivityId":"AddInstance_Delegates_19","outcome":"Success"},{"$id":"649","sourceActivityId":"AddInstance_Delegates_19","targetActivityId":"AddInstance_Delegates_20","outcome":"Faulted"},{"$id":"650","sourceActivityId":"AddInstance_Delegates_19","targetActivityId":"AddInstance_Delegates_20","outcome":"Success"},{"$id":"651","sourceActivityId":"AddInstance_Delegates_20","targetActivityId":"AddInstance_Delegates_21","outcome":"Faulted"},{"$id":"652","sourceActivityId":"AddInstance_Delegates_20","targetActivityId":"AddInstance_Delegates_21","outcome":"Success"}],"id":"10"}