{"$id":"653","definitionId":"bb75f69d15734905bf7d2ff57efbdeb8","versionId":"20b978f38d704d7b91192397b2ac9233","name":"File-GETPNG","displayName":"GetPng","version":7,"variables":{"$id":"654","data":{}},"customAttributes":{"$id":"655","data":{}},"isSingleton":false,"persistenceBehavior":"WorkflowBurst","deleteCompletedInstances":false,"isPublished":true,"isLatest":true,"createdAt":"2025-03-20T11:25:44.0564223Z","activities":[{"$id":"656","activityId":"2af5fa72-50ca-4bc8-95cb-313984318c2a","type":"HttpEndpoint","name":"IncomingRequest","displayName":"HTTP Endpoint","x":64,"y":64,"persistWorkflow":false,"loadWorkflowContext":false,"saveWorkflowContext":false,"properties":[{"$id":"657","name":"Path","expressions":{"$id":"658","Literal":"/getpng"}},{"$id":"659","name":"Methods","expressions":{"$id":"660","Json":"[\"GET\"]"}},{"$id":"661","name":"ReadContent","expressions":{"$id":"662","Literal":"true"}},{"$id":"663","name":"TargetType","expressions":{"$id":"664"}},{"$id":"665","name":"Schema","syntax":"Literal","expressions":{"$id":"666","Literal":""}},{"$id":"667","name":"Authorize","expressions":{"$id":"668"}},{"$id":"669","name":"Policy","expressions":{"$id":"670"}},{"$id":"671","name":"AuthorizeWithCustomHeader","expressions":{"$id":"672"}},{"$id":"673","name":"CustomHeaderName","expressions":{"$id":"674"}},{"$id":"675","name":"CustomHeaderValue","expressions":{"$id":"676"}}],"propertyStorageProviders":{"$id":"677"}},{"$id":"678","activityId":"f1bb287e-7361-4b15-9f94-ea08c59a8beb","type":"SetVariable","displayName":"Set Variable","x":220,"y":240,"persistWorkflow":false,"loadWorkflowContext":false,"saveWorkflowContext":false,"properties":[{"$id":"679","name":"VariableName","expressions":{"$id":"680","Literal":"ThisFile"}},{"$id":"681","name":"IncludeOutput","expressions":{"$id":"682"}},{"$id":"683","name":"Value","syntax":"JavaScript","expressions":{"$id":"684","JavaScript":"return \"/data/images/\" + activities.IncomingRequest.Output().QueryString.name;"}}],"propertyStorageProviders":{"$id":"685"}},{"$id":"686","activityId":"605444f6-c72c-4b7f-9ae9-181a424a43a1","type":"FileExists","displayName":"File Exists","x":520,"y":340,"persistWorkflow":false,"loadWorkflowContext":false,"saveWorkflowContext":false,"properties":[{"$id":"687","name":"Path","syntax":"JavaScript","expressions":{"$id":"688","JavaScript":"getVariable(\"ThisFile\")"}}],"propertyStorageProviders":{"$id":"689"}},{"$id":"690","activityId":"dbcd4d91-4679-4e20-863e-f3c47f645794","type":"ReadFile","name":"RF2","displayName":"Read File","x":800,"y":460,"persistWorkflow":false,"loadWorkflowContext":false,"saveWorkflowContext":false,"properties":[{"$id":"691","name":"Path","syntax":"JavaScript","expressions":{"$id":"692","JavaScript":"return \"/data/images/Pipeline_2024_Logo.png\""}}],"propertyStorageProviders":{"$id":"693"}},{"$id":"694","activityId":"68751314-217a-4550-9dec-beeaeef21f8c","type":"WriteHttpResponse","displayName":"HTTP Response","x":1200,"y":260,"persistWorkflow":false,"loadWorkflowContext":false,"saveWorkflowContext":false,"properties":[{"$id":"695","name":"Content","syntax":"JavaScript","expressions":{"$id":"696","JavaScript":"activities.RF1.Bytes()"}},{"$id":"697","name":"ContentType","syntax":"Literal","expressions":{"$id":"698","Literal":"image/png","JavaScript":""}},{"$id":"699","name":"StatusCode","expressions":{"$id":"700","Literal":"OK"}},{"$id":"701","name":"CharSet","expressions":{"$id":"702","Literal":"utf-8"}},{"$id":"703","name":"ResponseHeaders","expressions":{"$id":"704"}}],"propertyStorageProviders":{"$id":"705"}},{"$id":"706","activityId":"5d6b74cc-8e89-417d-9d85-645663409305","type":"WriteHttpResponse","displayName":"HTTP Response","x":1200,"y":460,"persistWorkflow":false,"loadWorkflowContext":false,"saveWorkflowContext":false,"properties":[{"$id":"707","name":"Content","syntax":"JavaScript","expressions":{"$id":"708","JavaScript":"activities.RF2.Bytes()"}},{"$id":"709","name":"ContentType","syntax":"Literal","expressions":{"$id":"710","Literal":"image/png","JavaScript":"image/png"}},{"$id":"711","name":"StatusCode","expressions":{"$id":"712","Literal":"OK"}},{"$id":"713","name":"CharSet","expressions":{"$id":"714","Literal":"utf-8"}},{"$id":"715","name":"ResponseHeaders","expressions":{"$id":"716"}}],"propertyStorageProviders":{"$id":"717"}},{"$id":"718","activityId":"e76043be-f765-473b-91c8-227407af7057","type":"RemoveWorkflowInstances","displayName":"Clear Workflow Instances","x":1580,"y":460,"persistWorkflow":false,"loadWorkflowContext":false,"saveWorkflowContext":false,"properties":[{"$id":"719","name":"WorkflowDefinitionName","expressions":{"$id":"720","Literal":"File-GETPNG"}},{"$id":"721","name":"VersionSelection","expressions":{"$id":"722","Literal":"All"}},{"$id":"723","name":"CustomVersion","expressions":{"$id":"724","Literal":""}},{"$id":"725","name":"InstanceRetention","expressions":{"$id":"726"}},{"$id":"727","name":"DateSelection","expressions":{"$id":"728"}},{"$id":"729","name":"IncludeIdle","expressions":{"$id":"730"}},{"$id":"731","name":"IncludeSuspended","expressions":{"$id":"732"}},{"$id":"733","name":"IncludeRunning","expressions":{"$id":"734"}}],"propertyStorageProviders":{"$id":"735"}},{"$id":"736","activityId":"692c6d9d-5385-4d0d-9c71-07b74c0f6829","type":"ReadFile","name":"RF1","displayName":"Read File","x":800,"y":260,"persistWorkflow":false,"loadWorkflowContext":false,"saveWorkflowContext":false,"properties":[{"$id":"737","name":"Path","syntax":"JavaScript","expressions":{"$id":"738","JavaScript":"getVariable(\"ThisFile\")"}}],"propertyStorageProviders":{"$id":"739"}},{"$id":"740","activityId":"63e02518-b5c9-428d-bd60-392ec54ca6c1","type":"RemoveWorkflowInstances","displayName":"Clear Workflow Instances","x":1540,"y":260,"persistWorkflow":false,"loadWorkflowContext":false,"saveWorkflowContext":false,"properties":[{"$id":"741","name":"WorkflowDefinitionName","expressions":{"$id":"742","Literal":"All"}},{"$id":"743","name":"VersionSelection","expressions":{"$id":"744","Literal":"All"}},{"$id":"745","name":"CustomVersion","expressions":{"$id":"746","Literal":""}},{"$id":"747","name":"InstanceRetention","expressions":{"$id":"748"}},{"$id":"749","name":"DateSelection","expressions":{"$id":"750"}},{"$id":"751","name":"IncludeIdle","expressions":{"$id":"752"}},{"$id":"753","name":"IncludeSuspended","expressions":{"$id":"754"}},{"$id":"755","name":"IncludeRunning","expressions":{"$id":"756"}},{"$id":"757","name":"IncludeCancelled","expressions":{"$id":"758"}},{"$id":"759","name":"IncludeFaulted","expressions":{"$id":"760"}},{"$id":"761","name":"IncludeFinished","expressions":{"$id":"762"}}],"propertyStorageProviders":{"$id":"763"}}],"connections":[{"$id":"764","sourceActivityId":"2af5fa72-50ca-4bc8-95cb-313984318c2a","targetActivityId":"f1bb287e-7361-4b15-9f94-ea08c59a8beb","outcome":"Done"},{"$id":"765","sourceActivityId":"f1bb287e-7361-4b15-9f94-ea08c59a8beb","targetActivityId":"605444f6-c72c-4b7f-9ae9-181a424a43a1","outcome":"Done"},{"$id":"766","sourceActivityId":"605444f6-c72c-4b7f-9ae9-181a424a43a1","targetActivityId":"692c6d9d-5385-4d0d-9c71-07b74c0f6829","outcome":"True"},{"$id":"767","sourceActivityId":"605444f6-c72c-4b7f-9ae9-181a424a43a1","targetActivityId":"dbcd4d91-4679-4e20-863e-f3c47f645794","outcome":"False"},{"$id":"768","sourceActivityId":"692c6d9d-5385-4d0d-9c71-07b74c0f6829","targetActivityId":"68751314-217a-4550-9dec-beeaeef21f8c","outcome":"Done"},{"$id":"769","sourceActivityId":"dbcd4d91-4679-4e20-863e-f3c47f645794","targetActivityId":"5d6b74cc-8e89-417d-9d85-645663409305","outcome":"Done"},{"$id":"770","sourceActivityId":"5d6b74cc-8e89-417d-9d85-645663409305","targetActivityId":"e76043be-f765-473b-91c8-227407af7057","outcome":"Done"},{"$id":"771","sourceActivityId":"68751314-217a-4550-9dec-beeaeef21f8c","targetActivityId":"63e02518-b5c9-428d-bd60-392ec54ca6c1","outcome":"Done"}],"id":"20b978f38d704d7b91192397b2ac9233"}