{"$id":"1","definitionId":"PipelineApp-TYPES_f0112b5f-569f-467c-bfa5-29a4e1060ff5","versionId":"1","name":"PipelineApp-TYPES","displayName":"PipelineApp-TYPES","description":"Setting up types for solution PipelineApp","version":0,"variables":{"$id":"2","data":{}},"customAttributes":{"$id":"3","data":{}},"isSingleton":false,"persistenceBehavior":"WorkflowBurst","deleteCompletedInstances":false,"isPublished":false,"isLatest":false,"createdAt":"1970-01-01T00:00:00Z","activities":[{"$id":"4","activityId":"CreateType_Feature","type":"TypeCreate","name":"CreateType_Feature","displayName":"CreateType_Feature","description":"CreateType_Feature","x":72,"y":72,"persistWorkflow":false,"loadWorkflowContext":false,"saveWorkflowContext":false,"properties":[{"$id":"5","name":"TypeName","syntax":"Literal","expressions":{"$id":"6","Literal":"Feature"}},{"$id":"7","name":"TypeDescription","syntax":"Literal","expressions":{"$id":"8","Literal":"An Application Feature"}}],"propertyStorageProviders":{"$id":"9"}},{"$id":"10","activityId":"CreateType_Conference","type":"TypeCreate","name":"CreateType_Conference","displayName":"CreateType_Conference","description":"CreateType_Conference","x":72,"y":144,"persistWorkflow":false,"loadWorkflowContext":false,"saveWorkflowContext":false,"properties":[{"$id":"11","name":"TypeName","syntax":"Literal","expressions":{"$id":"12","Literal":"Conference"}},{"$id":"13","name":"TypeDescription","syntax":"Literal","expressions":{"$id":"14","Literal":"A Conference"}}],"propertyStorageProviders":{"$id":"15"}},{"$id":"16","activityId":"CreateType_Event","type":"TypeCreate","name":"CreateType_Event","displayName":"CreateType_Event","description":"CreateType_Event","x":72,"y":216,"persistWorkflow":false,"loadWorkflowContext":false,"saveWorkflowContext":false,"properties":[{"$id":"17","name":"TypeName","syntax":"Literal","expressions":{"$id":"18","Literal":"Event"}},{"$id":"19","name":"TypeDescription","syntax":"Literal","expressions":{"$id":"20","Literal":"An Event"}}],"propertyStorageProviders":{"$id":"21"}},{"$id":"22","activityId":"CreateType_Company","type":"TypeCreate","name":"CreateType_Company","displayName":"CreateType_Company","description":"CreateType_Company","x":72,"y":288,"persistWorkflow":false,"loadWorkflowContext":false,"saveWorkflowContext":false,"properties":[{"$id":"23","name":"TypeName","syntax":"Literal","expressions":{"$id":"24","Literal":"Company"}},{"$id":"25","name":"TypeDescription","syntax":"Literal","expressions":{"$id":"26","Literal":"A Company"}}],"propertyStorageProviders":{"$id":"27"}},{"$id":"28","activityId":"CreateType_Attendee","type":"TypeCreate","name":"CreateType_Attendee","displayName":"CreateType_Attendee","description":"CreateType_Attendee","x":72,"y":360,"persistWorkflow":false,"loadWorkflowContext":false,"saveWorkflowContext":false,"properties":[{"$id":"29","name":"TypeName","syntax":"Literal","expressions":{"$id":"30","Literal":"Attendee"}},{"$id":"31","name":"TypeDescription","syntax":"Literal","expressions":{"$id":"32","Literal":"An Attendee"}}],"propertyStorageProviders":{"$id":"33"}},{"$id":"34","activityId":"CreateType_Sponsor","type":"TypeCreate","name":"CreateType_Sponsor","displayName":"CreateType_Sponsor","description":"CreateType_Sponsor","x":72,"y":432,"persistWorkflow":false,"loadWorkflowContext":false,"saveWorkflowContext":false,"properties":[{"$id":"35","name":"TypeName","syntax":"Literal","expressions":{"$id":"36","Literal":"Sponsor"}},{"$id":"37","name":"TypeDescription","syntax":"Literal","expressions":{"$id":"38","Literal":"A Sponsor"}}],"propertyStorageProviders":{"$id":"39"}},{"$id":"40","activityId":"CreateType_ConferenceAttendeeMap","type":"TypeCreate","name":"CreateType_ConferenceAttendeeMap","displayName":"CreateType_ConferenceAttendeeMap","description":"CreateType_ConferenceAttendeeMap","x":72,"y":504,"persistWorkflow":false,"loadWorkflowContext":false,"saveWorkflowContext":false,"properties":[{"$id":"41","name":"TypeName","syntax":"Literal","expressions":{"$id":"42","Literal":"ConferenceAttendeeMap"}},{"$id":"43","name":"TypeDescription","syntax":"Literal","expressions":{"$id":"44","Literal":"Conference Attendee Map"}}],"propertyStorageProviders":{"$id":"45"}},{"$id":"46","activityId":"CreateType_User","type":"TypeCreate","name":"CreateType_User","displayName":"CreateType_User","description":"CreateType_User","x":72,"y":576,"persistWorkflow":false,"loadWorkflowContext":false,"saveWorkflowContext":false,"properties":[{"$id":"47","name":"TypeName","syntax":"Literal","expressions":{"$id":"48","Literal":"User"}},{"$id":"49","name":"TypeDescription","syntax":"Literal","expressions":{"$id":"50","Literal":"A User"}}],"propertyStorageProviders":{"$id":"51"}},{"$id":"52","activityId":"CreateType_Delegates","type":"TypeCreate","name":"CreateType_Delegates","displayName":"CreateType_Delegates","description":"CreateType_Delegates","x":72,"y":648,"persistWorkflow":false,"loadWorkflowContext":false,"saveWorkflowContext":false,"properties":[{"$id":"53","name":"TypeName","syntax":"Literal","expressions":{"$id":"54","Literal":"Delegates"}},{"$id":"55","name":"TypeDescription","syntax":"Literal","expressions":{"$id":"56","Literal":""}}],"propertyStorageProviders":{"$id":"57"}},{"$id":"58","activityId":"CreateCol_Event_Start","type":"TypeAddColumn","name":"CreateCol_Event_Start","displayName":"CreateCol_Event_Start","x":72,"y":792,"persistWorkflow":false,"loadWorkflowContext":false,"saveWorkflowContext":false,"properties":[{"$id":"59","name":"ObjectType","syntax":"JavaScript","expressions":{"$id":"60","JavaScript":"return \"Event\";"}},{"$id":"61","name":"ColumnName","syntax":"Literal","expressions":{"$id":"62","Literal":"Start"}},{"$id":"63","name":"ColumnDisplayName","syntax":"Literal","expressions":{"$id":"64","Literal":"Start"}},{"$id":"65","name":"ColumnDescription","syntax":"Literal","expressions":{"$id":"66","Literal":"Start"}},{"$id":"67","name":"ColumnTypeId","syntax":"Literal","expressions":{"$id":"68","Literal":"7"}},{"$id":"69","name":"DisplayOrder","syntax":"Literal","expressions":{"$id":"70","Literal":"3"}},{"$id":"71","name":"Visible","syntax":"Literal","expressions":{"$id":"72","Literal":"True"}},{"$id":"73","name":"Indexed","syntax":"Literal","expressions":{"$id":"74","Literal":"False"}}],"propertyStorageProviders":{"$id":"75"}},{"$id":"76","activityId":"CreateCol_Event_End","type":"TypeAddColumn","name":"CreateCol_Event_End","displayName":"CreateCol_Event_End","x":144,"y":864,"persistWorkflow":false,"loadWorkflowContext":false,"saveWorkflowContext":false,"properties":[{"$id":"77","name":"ObjectType","syntax":"JavaScript","expressions":{"$id":"78","JavaScript":"return \"Event\";"}},{"$id":"79","name":"ColumnName","syntax":"Literal","expressions":{"$id":"80","Literal":"End"}},{"$id":"81","name":"ColumnDisplayName","syntax":"Literal","expressions":{"$id":"82","Literal":"End"}},{"$id":"83","name":"ColumnDescription","syntax":"Literal","expressions":{"$id":"84","Literal":"End"}},{"$id":"85","name":"ColumnTypeId","syntax":"Literal","expressions":{"$id":"86","Literal":"7"}},{"$id":"87","name":"DisplayOrder","syntax":"Literal","expressions":{"$id":"88","Literal":"4"}},{"$id":"89","name":"Visible","syntax":"Literal","expressions":{"$id":"90","Literal":"True"}},{"$id":"91","name":"Indexed","syntax":"Literal","expressions":{"$id":"92","Literal":"False"}}],"propertyStorageProviders":{"$id":"93"}},{"$id":"94","activityId":"CreateCol_Event_Conference","type":"TypeAddColumn","name":"CreateCol_Event_Conference","displayName":"CreateCol_Event_Conference","x":216,"y":936,"persistWorkflow":false,"loadWorkflowContext":false,"saveWorkflowContext":false,"properties":[{"$id":"95","name":"ObjectType","syntax":"JavaScript","expressions":{"$id":"96","JavaScript":"return \"Event\";"}},{"$id":"97","name":"ColumnName","syntax":"Literal","expressions":{"$id":"98","Literal":"Conference"}},{"$id":"99","name":"ColumnDisplayName","syntax":"Literal","expressions":{"$id":"100","Literal":"Conference"}},{"$id":"101","name":"ColumnDescription","syntax":"Literal","expressions":{"$id":"102","Literal":"Conference"}},{"$id":"103","name":"ColumnTypeId","syntax":"Literal","expressions":{"$id":"104","Literal":"1"}},{"$id":"105","name":"PrincipalType","syntax":"Literal","expressions":{"$id":"106","Literal":"Conference"}},{"$id":"107","name":"DisplayOrder","syntax":"Literal","expressions":{"$id":"108","Literal":"5"}},{"$id":"109","name":"Visible","syntax":"Literal","expressions":{"$id":"110","Literal":"True"}},{"$id":"111","name":"Indexed","syntax":"Literal","expressions":{"$id":"112","Literal":"False"}}],"propertyStorageProviders":{"$id":"113"}},{"$id":"114","activityId":"CreateCol_Attendee_TitleChar","type":"TypeAddColumn","name":"CreateCol_Attendee_TitleChar","displayName":"CreateCol_Attendee_TitleChar","x":72,"y":1008,"persistWorkflow":false,"loadWorkflowContext":false,"saveWorkflowContext":false,"properties":[{"$id":"115","name":"ObjectType","syntax":"JavaScript","expressions":{"$id":"116","JavaScript":"return \"Attendee\";"}},{"$id":"117","name":"ColumnName","syntax":"Literal","expressions":{"$id":"118","Literal":"TitleChar"}},{"$id":"119","name":"ColumnDisplayName","syntax":"Literal","expressions":{"$id":"120","Literal":"Title Char"}},{"$id":"121","name":"ColumnDescription","syntax":"Literal","expressions":{"$id":"122","Literal":"Title Character for UI Sorting."}},{"$id":"123","name":"ColumnTypeId","syntax":"Literal","expressions":{"$id":"124","Literal":"6"}},{"$id":"125","name":"DisplayOrder","syntax":"Literal","expressions":{"$id":"126","Literal":"2"}},{"$id":"127","name":"Visible","syntax":"Literal","expressions":{"$id":"128","Literal":"True"}},{"$id":"129","name":"Indexed","syntax":"Literal","expressions":{"$id":"130","Literal":"False"}}],"propertyStorageProviders":{"$id":"131"}},{"$id":"132","activityId":"CreateCol_Attendee_FirstName","type":"TypeAddColumn","name":"CreateCol_Attendee_FirstName","displayName":"CreateCol_Attendee_FirstName","x":144,"y":1080,"persistWorkflow":false,"loadWorkflowContext":false,"saveWorkflowContext":false,"properties":[{"$id":"133","name":"ObjectType","syntax":"JavaScript","expressions":{"$id":"134","JavaScript":"return \"Attendee\";"}},{"$id":"135","name":"ColumnName","syntax":"Literal","expressions":{"$id":"136","Literal":"FirstName"}},{"$id":"137","name":"ColumnDisplayName","syntax":"Literal","expressions":{"$id":"138","Literal":"First Name"}},{"$id":"139","name":"ColumnDescription","syntax":"Literal","expressions":{"$id":"140","Literal":"First Name"}},{"$id":"141","name":"ColumnTypeId","syntax":"Literal","expressions":{"$id":"142","Literal":"6"}},{"$id":"143","name":"DisplayOrder","syntax":"Literal","expressions":{"$id":"144","Literal":"3"}},{"$id":"145","name":"Visible","syntax":"Literal","expressions":{"$id":"146","Literal":"True"}},{"$id":"147","name":"Indexed","syntax":"Literal","expressions":{"$id":"148","Literal":"False"}}],"propertyStorageProviders":{"$id":"149"}},{"$id":"150","activityId":"CreateCol_Attendee_LastName","type":"TypeAddColumn","name":"CreateCol_Attendee_LastName","displayName":"CreateCol_Attendee_LastName","x":216,"y":1152,"persistWorkflow":false,"loadWorkflowContext":false,"saveWorkflowContext":false,"properties":[{"$id":"151","name":"ObjectType","syntax":"JavaScript","expressions":{"$id":"152","JavaScript":"return \"Attendee\";"}},{"$id":"153","name":"ColumnName","syntax":"Literal","expressions":{"$id":"154","Literal":"LastName"}},{"$id":"155","name":"ColumnDisplayName","syntax":"Literal","expressions":{"$id":"156","Literal":"Last Name"}},{"$id":"157","name":"ColumnDescription","syntax":"Literal","expressions":{"$id":"158","Literal":"Last Name"}},{"$id":"159","name":"ColumnTypeId","syntax":"Literal","expressions":{"$id":"160","Literal":"6"}},{"$id":"161","name":"DisplayOrder","syntax":"Literal","expressions":{"$id":"162","Literal":"4"}},{"$id":"163","name":"Visible","syntax":"Literal","expressions":{"$id":"164","Literal":"True"}},{"$id":"165","name":"Indexed","syntax":"Literal","expressions":{"$id":"166","Literal":"False"}}],"propertyStorageProviders":{"$id":"167"}},{"$id":"168","activityId":"CreateCol_Attendee_Company","type":"TypeAddColumn","name":"CreateCol_Attendee_Company","displayName":"CreateCol_Attendee_Company","x":288,"y":1224,"persistWorkflow":false,"loadWorkflowContext":false,"saveWorkflowContext":false,"properties":[{"$id":"169","name":"ObjectType","syntax":"JavaScript","expressions":{"$id":"170","JavaScript":"return \"Attendee\";"}},{"$id":"171","name":"ColumnName","syntax":"Literal","expressions":{"$id":"172","Literal":"Company"}},{"$id":"173","name":"ColumnDisplayName","syntax":"Literal","expressions":{"$id":"174","Literal":"Company"}},{"$id":"175","name":"ColumnDescription","syntax":"Literal","expressions":{"$id":"176","Literal":"Company"}},{"$id":"177","name":"ColumnTypeId","syntax":"Literal","expressions":{"$id":"178","Literal":"1"}},{"$id":"179","name":"PrincipalType","syntax":"Literal","expressions":{"$id":"180","Literal":"Company"}},{"$id":"181","name":"DisplayOrder","syntax":"Literal","expressions":{"$id":"182","Literal":"5"}},{"$id":"183","name":"Visible","syntax":"Literal","expressions":{"$id":"184","Literal":"True"}},{"$id":"185","name":"Indexed","syntax":"Literal","expressions":{"$id":"186","Literal":"False"}}],"propertyStorageProviders":{"$id":"187"}},{"$id":"188","activityId":"CreateCol_ConferenceAttendeeMap_Conference","type":"TypeAddColumn","name":"CreateCol_ConferenceAttendeeMap_Conference","displayName":"CreateCol_ConferenceAttendeeMap_Conference","x":72,"y":1296,"persistWorkflow":false,"loadWorkflowContext":false,"saveWorkflowContext":false,"properties":[{"$id":"189","name":"ObjectType","syntax":"JavaScript","expressions":{"$id":"190","JavaScript":"return \"ConferenceAttendeeMap\";"}},{"$id":"191","name":"ColumnName","syntax":"Literal","expressions":{"$id":"192","Literal":"Conference"}},{"$id":"193","name":"ColumnDisplayName","syntax":"Literal","expressions":{"$id":"194","Literal":"Conference"}},{"$id":"195","name":"ColumnDescription","syntax":"Literal","expressions":{"$id":"196","Literal":"Conference"}},{"$id":"197","name":"ColumnTypeId","syntax":"Literal","expressions":{"$id":"198","Literal":"1"}},{"$id":"199","name":"PrincipalType","syntax":"Literal","expressions":{"$id":"200","Literal":"Conference"}},{"$id":"201","name":"DisplayOrder","syntax":"Literal","expressions":{"$id":"202","Literal":"2"}},{"$id":"203","name":"Visible","syntax":"Literal","expressions":{"$id":"204","Literal":"True"}},{"$id":"205","name":"Indexed","syntax":"Literal","expressions":{"$id":"206","Literal":"False"}}],"propertyStorageProviders":{"$id":"207"}},{"$id":"208","activityId":"CreateCol_ConferenceAttendeeMap_Attendee","type":"TypeAddColumn","name":"CreateCol_ConferenceAttendeeMap_Attendee","displayName":"CreateCol_ConferenceAttendeeMap_Attendee","x":144,"y":1368,"persistWorkflow":false,"loadWorkflowContext":false,"saveWorkflowContext":false,"properties":[{"$id":"209","name":"ObjectType","syntax":"JavaScript","expressions":{"$id":"210","JavaScript":"return \"ConferenceAttendeeMap\";"}},{"$id":"211","name":"ColumnName","syntax":"Literal","expressions":{"$id":"212","Literal":"Attendee"}},{"$id":"213","name":"ColumnDisplayName","syntax":"Literal","expressions":{"$id":"214","Literal":"Attendee"}},{"$id":"215","name":"ColumnDescription","syntax":"Literal","expressions":{"$id":"216","Literal":"Attendee"}},{"$id":"217","name":"ColumnTypeId","syntax":"Literal","expressions":{"$id":"218","Literal":"1"}},{"$id":"219","name":"PrincipalType","syntax":"Literal","expressions":{"$id":"220","Literal":"Attendee"}},{"$id":"221","name":"DisplayOrder","syntax":"Literal","expressions":{"$id":"222","Literal":"3"}},{"$id":"223","name":"Visible","syntax":"Literal","expressions":{"$id":"224","Literal":"True"}},{"$id":"225","name":"Indexed","syntax":"Literal","expressions":{"$id":"226","Literal":"False"}}],"propertyStorageProviders":{"$id":"227"}},{"$id":"228","activityId":"CreateCol_User_Email","type":"TypeAddColumn","name":"CreateCol_User_Email","displayName":"CreateCol_User_Email","x":72,"y":1440,"persistWorkflow":false,"loadWorkflowContext":false,"saveWorkflowContext":false,"properties":[{"$id":"229","name":"ObjectType","syntax":"JavaScript","expressions":{"$id":"230","JavaScript":"return \"User\";"}},{"$id":"231","name":"ColumnName","syntax":"Literal","expressions":{"$id":"232","Literal":"Email"}},{"$id":"233","name":"ColumnDisplayName","syntax":"Literal","expressions":{"$id":"234","Literal":"Email"}},{"$id":"235","name":"ColumnDescription","syntax":"Literal","expressions":{"$id":"236","Literal":"Email"}},{"$id":"237","name":"ColumnTypeId","syntax":"Literal","expressions":{"$id":"238","Literal":"6"}},{"$id":"239","name":"DisplayOrder","syntax":"Literal","expressions":{"$id":"240","Literal":"2"}},{"$id":"241","name":"Visible","syntax":"Literal","expressions":{"$id":"242","Literal":"True"}},{"$id":"243","name":"Indexed","syntax":"Literal","expressions":{"$id":"244","Literal":"False"}}],"propertyStorageProviders":{"$id":"245"}},{"$id":"246","activityId":"CreateCol_User_Phone","type":"TypeAddColumn","name":"CreateCol_User_Phone","displayName":"CreateCol_User_Phone","x":144,"y":1512,"persistWorkflow":false,"loadWorkflowContext":false,"saveWorkflowContext":false,"properties":[{"$id":"247","name":"ObjectType","syntax":"JavaScript","expressions":{"$id":"248","JavaScript":"return \"User\";"}},{"$id":"249","name":"ColumnName","syntax":"Literal","expressions":{"$id":"250","Literal":"Phone"}},{"$id":"251","name":"ColumnDisplayName","syntax":"Literal","expressions":{"$id":"252","Literal":"Phone"}},{"$id":"253","name":"ColumnDescription","syntax":"Literal","expressions":{"$id":"254","Literal":"Phone"}},{"$id":"255","name":"ColumnTypeId","syntax":"Literal","expressions":{"$id":"256","Literal":"6"}},{"$id":"257","name":"DisplayOrder","syntax":"Literal","expressions":{"$id":"258","Literal":"3"}},{"$id":"259","name":"Visible","syntax":"Literal","expressions":{"$id":"260","Literal":"True"}},{"$id":"261","name":"Indexed","syntax":"Literal","expressions":{"$id":"262","Literal":"False"}}],"propertyStorageProviders":{"$id":"263"}},{"$id":"264","activityId":"CreateCol_User_OTP","type":"TypeAddColumn","name":"CreateCol_User_OTP","displayName":"CreateCol_User_OTP","x":216,"y":1584,"persistWorkflow":false,"loadWorkflowContext":false,"saveWorkflowContext":false,"properties":[{"$id":"265","name":"ObjectType","syntax":"JavaScript","expressions":{"$id":"266","JavaScript":"return \"User\";"}},{"$id":"267","name":"ColumnName","syntax":"Literal","expressions":{"$id":"268","Literal":"OTP"}},{"$id":"269","name":"ColumnDisplayName","syntax":"Literal","expressions":{"$id":"270","Literal":"OTP"}},{"$id":"271","name":"ColumnDescription","syntax":"Literal","expressions":{"$id":"272","Literal":"OTP"}},{"$id":"273","name":"ColumnTypeId","syntax":"Literal","expressions":{"$id":"274","Literal":"6"}},{"$id":"275","name":"DisplayOrder","syntax":"Literal","expressions":{"$id":"276","Literal":"4"}},{"$id":"277","name":"Visible","syntax":"Literal","expressions":{"$id":"278","Literal":"True"}},{"$id":"279","name":"Indexed","syntax":"Literal","expressions":{"$id":"280","Literal":"False"}}],"propertyStorageProviders":{"$id":"281"}},{"$id":"282","activityId":"CreateCol_Delegates_Attended","type":"TypeAddColumn","name":"CreateCol_Delegates_Attended","displayName":"CreateCol_Delegates_Attended","x":72,"y":1656,"persistWorkflow":false,"loadWorkflowContext":false,"saveWorkflowContext":false,"properties":[{"$id":"283","name":"ObjectType","syntax":"JavaScript","expressions":{"$id":"284","JavaScript":"return \"Delegates\";"}},{"$id":"285","name":"ColumnName","syntax":"Literal","expressions":{"$id":"286","Literal":"Attended"}},{"$id":"287","name":"ColumnDisplayName","syntax":"Literal","expressions":{"$id":"288","Literal":"Attended?"}},{"$id":"289","name":"ColumnTypeId","syntax":"Literal","expressions":{"$id":"290","Literal":"6"}},{"$id":"291","name":"DisplayOrder","syntax":"Literal","expressions":{"$id":"292","Literal":"2"}},{"$id":"293","name":"Visible","syntax":"Literal","expressions":{"$id":"294","Literal":"True"}},{"$id":"295","name":"Indexed","syntax":"Literal","expressions":{"$id":"296","Literal":"False"}}],"propertyStorageProviders":{"$id":"297"}},{"$id":"298","activityId":"CreateCol_Delegates_FirstName","type":"TypeAddColumn","name":"CreateCol_Delegates_FirstName","displayName":"CreateCol_Delegates_FirstName","x":144,"y":1728,"persistWorkflow":false,"loadWorkflowContext":false,"saveWorkflowContext":false,"properties":[{"$id":"299","name":"ObjectType","syntax":"JavaScript","expressions":{"$id":"300","JavaScript":"return \"Delegates\";"}},{"$id":"301","name":"ColumnName","syntax":"Literal","expressions":{"$id":"302","Literal":"FirstName"}},{"$id":"303","name":"ColumnDisplayName","syntax":"Literal","expressions":{"$id":"304","Literal":"First Name"}},{"$id":"305","name":"ColumnTypeId","syntax":"Literal","expressions":{"$id":"306","Literal":"6"}},{"$id":"307","name":"DisplayOrder","syntax":"Literal","expressions":{"$id":"308","Literal":"3"}},{"$id":"309","name":"Visible","syntax":"Literal","expressions":{"$id":"310","Literal":"True"}},{"$id":"311","name":"Indexed","syntax":"Literal","expressions":{"$id":"312","Literal":"False"}}],"propertyStorageProviders":{"$id":"313"}},{"$id":"314","activityId":"CreateCol_Delegates_Surname","type":"TypeAddColumn","name":"CreateCol_Delegates_Surname","displayName":"CreateCol_Delegates_Surname","x":216,"y":1800,"persistWorkflow":false,"loadWorkflowContext":false,"saveWorkflowContext":false,"properties":[{"$id":"315","name":"ObjectType","syntax":"JavaScript","expressions":{"$id":"316","JavaScript":"return \"Delegates\";"}},{"$id":"317","name":"ColumnName","syntax":"Literal","expressions":{"$id":"318","Literal":"Surname"}},{"$id":"319","name":"ColumnDisplayName","syntax":"Literal","expressions":{"$id":"320","Literal":"Surname"}},{"$id":"321","name":"ColumnTypeId","syntax":"Literal","expressions":{"$id":"322","Literal":"6"}},{"$id":"323","name":"DisplayOrder","syntax":"Literal","expressions":{"$id":"324","Literal":"4"}},{"$id":"325","name":"Visible","syntax":"Literal","expressions":{"$id":"326","Literal":"True"}},{"$id":"327","name":"Indexed","syntax":"Literal","expressions":{"$id":"328","Literal":"False"}}],"propertyStorageProviders":{"$id":"329"}},{"$id":"330","activityId":"CreateCol_Delegates_Company","type":"TypeAddColumn","name":"CreateCol_Delegates_Company","displayName":"CreateCol_Delegates_Company","x":288,"y":1872,"persistWorkflow":false,"loadWorkflowContext":false,"saveWorkflowContext":false,"properties":[{"$id":"331","name":"ObjectType","syntax":"JavaScript","expressions":{"$id":"332","JavaScript":"return \"Delegates\";"}},{"$id":"333","name":"ColumnName","syntax":"Literal","expressions":{"$id":"334","Literal":"Company"}},{"$id":"335","name":"ColumnDisplayName","syntax":"Literal","expressions":{"$id":"336","Literal":"Company"}},{"$id":"337","name":"ColumnTypeId","syntax":"Literal","expressions":{"$id":"338","Literal":"6"}},{"$id":"339","name":"DisplayOrder","syntax":"Literal","expressions":{"$id":"340","Literal":"5"}},{"$id":"341","name":"Visible","syntax":"Literal","expressions":{"$id":"342","Literal":"True"}},{"$id":"343","name":"Indexed","syntax":"Literal","expressions":{"$id":"344","Literal":"False"}}],"propertyStorageProviders":{"$id":"345"}},{"$id":"346","activityId":"CreateCol_Delegates_JobTitle","type":"TypeAddColumn","name":"CreateCol_Delegates_JobTitle","displayName":"CreateCol_Delegates_JobTitle","x":360,"y":1944,"persistWorkflow":false,"loadWorkflowContext":false,"saveWorkflowContext":false,"properties":[{"$id":"347","name":"ObjectType","syntax":"JavaScript","expressions":{"$id":"348","JavaScript":"return \"Delegates\";"}},{"$id":"349","name":"ColumnName","syntax":"Literal","expressions":{"$id":"350","Literal":"JobTitle"}},{"$id":"351","name":"ColumnDisplayName","syntax":"Literal","expressions":{"$id":"352","Literal":"Job Title"}},{"$id":"353","name":"ColumnTypeId","syntax":"Literal","expressions":{"$id":"354","Literal":"6"}},{"$id":"355","name":"DisplayOrder","syntax":"Literal","expressions":{"$id":"356","Literal":"6"}},{"$id":"357","name":"Visible","syntax":"Literal","expressions":{"$id":"358","Literal":"True"}},{"$id":"359","name":"Indexed","syntax":"Literal","expressions":{"$id":"360","Literal":"False"}}],"propertyStorageProviders":{"$id":"361"}},{"$id":"362","activityId":"CreateCol_Delegates_Email","type":"TypeAddColumn","name":"CreateCol_Delegates_Email","displayName":"CreateCol_Delegates_Email","x":432,"y":2016,"persistWorkflow":false,"loadWorkflowContext":false,"saveWorkflowContext":false,"properties":[{"$id":"363","name":"ObjectType","syntax":"JavaScript","expressions":{"$id":"364","JavaScript":"return \"Delegates\";"}},{"$id":"365","name":"ColumnName","syntax":"Literal","expressions":{"$id":"366","Literal":"Email"}},{"$id":"367","name":"ColumnDisplayName","syntax":"Literal","expressions":{"$id":"368","Literal":"Email"}},{"$id":"369","name":"ColumnTypeId","syntax":"Literal","expressions":{"$id":"370","Literal":"6"}},{"$id":"371","name":"DisplayOrder","syntax":"Literal","expressions":{"$id":"372","Literal":"7"}},{"$id":"373","name":"Visible","syntax":"Literal","expressions":{"$id":"374","Literal":"True"}},{"$id":"375","name":"Indexed","syntax":"Literal","expressions":{"$id":"376","Literal":"False"}}],"propertyStorageProviders":{"$id":"377"}},{"$id":"378","activityId":"CreateCol_Delegates_PhoneNumber","type":"TypeAddColumn","name":"CreateCol_Delegates_PhoneNumber","displayName":"CreateCol_Delegates_PhoneNumber","x":504,"y":2088,"persistWorkflow":false,"loadWorkflowContext":false,"saveWorkflowContext":false,"properties":[{"$id":"379","name":"ObjectType","syntax":"JavaScript","expressions":{"$id":"380","JavaScript":"return \"Delegates\";"}},{"$id":"381","name":"ColumnName","syntax":"Literal","expressions":{"$id":"382","Literal":"PhoneNumber"}},{"$id":"383","name":"ColumnDisplayName","syntax":"Literal","expressions":{"$id":"384","Literal":"Phone Number"}},{"$id":"385","name":"ColumnTypeId","syntax":"Literal","expressions":{"$id":"386","Literal":"6"}},{"$id":"387","name":"DisplayOrder","syntax":"Literal","expressions":{"$id":"388","Literal":"8"}},{"$id":"389","name":"Visible","syntax":"Literal","expressions":{"$id":"390","Literal":"True"}},{"$id":"391","name":"Indexed","syntax":"Literal","expressions":{"$id":"392","Literal":"False"}}],"propertyStorageProviders":{"$id":"393"}}],"connections":[{"$id":"394","sourceActivityId":"CreateType_Feature","targetActivityId":"CreateType_Conference","outcome":"Faulted"},{"$id":"395","sourceActivityId":"CreateType_Feature","targetActivityId":"CreateType_Conference","outcome":"Success"},{"$id":"396","sourceActivityId":"CreateType_Conference","targetActivityId":"CreateType_Event","outcome":"Faulted"},{"$id":"397","sourceActivityId":"CreateType_Conference","targetActivityId":"CreateType_Event","outcome":"Success"},{"$id":"398","sourceActivityId":"CreateType_Event","targetActivityId":"CreateType_Company","outcome":"Faulted"},{"$id":"399","sourceActivityId":"CreateType_Event","targetActivityId":"CreateType_Company","outcome":"Success"},{"$id":"400","sourceActivityId":"CreateType_Company","targetActivityId":"CreateType_Attendee","outcome":"Faulted"},{"$id":"401","sourceActivityId":"CreateType_Company","targetActivityId":"CreateType_Attendee","outcome":"Success"},{"$id":"402","sourceActivityId":"CreateType_Attendee","targetActivityId":"CreateType_Sponsor","outcome":"Faulted"},{"$id":"403","sourceActivityId":"CreateType_Attendee","targetActivityId":"CreateType_Sponsor","outcome":"Success"},{"$id":"404","sourceActivityId":"CreateType_Sponsor","targetActivityId":"CreateType_ConferenceAttendeeMap","outcome":"Faulted"},{"$id":"405","sourceActivityId":"CreateType_Sponsor","targetActivityId":"CreateType_ConferenceAttendeeMap","outcome":"Success"},{"$id":"406","sourceActivityId":"CreateType_ConferenceAttendeeMap","targetActivityId":"CreateType_User","outcome":"Faulted"},{"$id":"407","sourceActivityId":"CreateType_ConferenceAttendeeMap","targetActivityId":"CreateType_User","outcome":"Success"},{"$id":"408","sourceActivityId":"CreateType_User","targetActivityId":"CreateType_Delegates","outcome":"Faulted"},{"$id":"409","sourceActivityId":"CreateType_User","targetActivityId":"CreateType_Delegates","outcome":"Success"},{"$id":"410","sourceActivityId":"CreateType_Delegates","targetActivityId":"CreateCol_Event_Start","outcome":"Success"},{"$id":"411","sourceActivityId":"CreateType_Delegates","targetActivityId":"CreateCol_Event_Start","outcome":"Failed"},{"$id":"412","sourceActivityId":"CreateCol_Event_Start","targetActivityId":"CreateCol_Event_End","outcome":"Success"},{"$id":"413","sourceActivityId":"CreateCol_Event_Start","targetActivityId":"CreateCol_Event_End","outcome":"Failed"},{"$id":"414","sourceActivityId":"CreateCol_Event_End","targetActivityId":"CreateCol_Event_Conference","outcome":"Success"},{"$id":"415","sourceActivityId":"CreateCol_Event_End","targetActivityId":"CreateCol_Event_Conference","outcome":"Failed"},{"$id":"416","sourceActivityId":"CreateCol_Event_Conference","targetActivityId":"CreateCol_Attendee_TitleChar","outcome":"Success"},{"$id":"417","sourceActivityId":"CreateCol_Event_Conference","targetActivityId":"CreateCol_Attendee_TitleChar","outcome":"Failed"},{"$id":"418","sourceActivityId":"CreateCol_Attendee_TitleChar","targetActivityId":"CreateCol_Attendee_FirstName","outcome":"Success"},{"$id":"419","sourceActivityId":"CreateCol_Attendee_TitleChar","targetActivityId":"CreateCol_Attendee_FirstName","outcome":"Failed"},{"$id":"420","sourceActivityId":"CreateCol_Attendee_FirstName","targetActivityId":"CreateCol_Attendee_LastName","outcome":"Success"},{"$id":"421","sourceActivityId":"CreateCol_Attendee_FirstName","targetActivityId":"CreateCol_Attendee_LastName","outcome":"Failed"},{"$id":"422","sourceActivityId":"CreateCol_Attendee_LastName","targetActivityId":"CreateCol_Attendee_Company","outcome":"Success"},{"$id":"423","sourceActivityId":"CreateCol_Attendee_LastName","targetActivityId":"CreateCol_Attendee_Company","outcome":"Failed"},{"$id":"424","sourceActivityId":"CreateCol_Attendee_Company","targetActivityId":"CreateCol_ConferenceAttendeeMap_Conference","outcome":"Success"},{"$id":"425","sourceActivityId":"CreateCol_Attendee_Company","targetActivityId":"CreateCol_ConferenceAttendeeMap_Conference","outcome":"Failed"},{"$id":"426","sourceActivityId":"CreateCol_ConferenceAttendeeMap_Conference","targetActivityId":"CreateCol_ConferenceAttendeeMap_Attendee","outcome":"Success"},{"$id":"427","sourceActivityId":"CreateCol_ConferenceAttendeeMap_Conference","targetActivityId":"CreateCol_ConferenceAttendeeMap_Attendee","outcome":"Failed"},{"$id":"428","sourceActivityId":"CreateCol_ConferenceAttendeeMap_Attendee","targetActivityId":"CreateCol_User_Email","outcome":"Success"},{"$id":"429","sourceActivityId":"CreateCol_ConferenceAttendeeMap_Attendee","targetActivityId":"CreateCol_User_Email","outcome":"Failed"},{"$id":"430","sourceActivityId":"CreateCol_User_Email","targetActivityId":"CreateCol_User_Phone","outcome":"Success"},{"$id":"431","sourceActivityId":"CreateCol_User_Email","targetActivityId":"CreateCol_User_Phone","outcome":"Failed"},{"$id":"432","sourceActivityId":"CreateCol_User_Phone","targetActivityId":"CreateCol_User_OTP","outcome":"Success"},{"$id":"433","sourceActivityId":"CreateCol_User_Phone","targetActivityId":"CreateCol_User_OTP","outcome":"Failed"},{"$id":"434","sourceActivityId":"CreateCol_User_OTP","targetActivityId":"CreateCol_Delegates_Attended","outcome":"Success"},{"$id":"435","sourceActivityId":"CreateCol_User_OTP","targetActivityId":"CreateCol_Delegates_Attended","outcome":"Failed"},{"$id":"436","sourceActivityId":"CreateCol_Delegates_Attended","targetActivityId":"CreateCol_Delegates_FirstName","outcome":"Success"},{"$id":"437","sourceActivityId":"CreateCol_Delegates_Attended","targetActivityId":"CreateCol_Delegates_FirstName","outcome":"Failed"},{"$id":"438","sourceActivityId":"CreateCol_Delegates_FirstName","targetActivityId":"CreateCol_Delegates_Surname","outcome":"Success"},{"$id":"439","sourceActivityId":"CreateCol_Delegates_FirstName","targetActivityId":"CreateCol_Delegates_Surname","outcome":"Failed"},{"$id":"440","sourceActivityId":"CreateCol_Delegates_Surname","targetActivityId":"CreateCol_Delegates_Company","outcome":"Success"},{"$id":"441","sourceActivityId":"CreateCol_Delegates_Surname","targetActivityId":"CreateCol_Delegates_Company","outcome":"Failed"},{"$id":"442","sourceActivityId":"CreateCol_Delegates_Company","targetActivityId":"CreateCol_Delegates_JobTitle","outcome":"Success"},{"$id":"443","sourceActivityId":"CreateCol_Delegates_Company","targetActivityId":"CreateCol_Delegates_JobTitle","outcome":"Failed"},{"$id":"444","sourceActivityId":"CreateCol_Delegates_JobTitle","targetActivityId":"CreateCol_Delegates_Email","outcome":"Success"},{"$id":"445","sourceActivityId":"CreateCol_Delegates_JobTitle","targetActivityId":"CreateCol_Delegates_Email","outcome":"Failed"},{"$id":"446","sourceActivityId":"CreateCol_Delegates_Email","targetActivityId":"CreateCol_Delegates_PhoneNumber","outcome":"Success"},{"$id":"447","sourceActivityId":"CreateCol_Delegates_Email","targetActivityId":"CreateCol_Delegates_PhoneNumber","outcome":"Failed"}],"id":"1"}