{"$id":"772","definitionId":"4c751399fd1943d8951592bdea81fc78","versionId":"6a3f6c777ce044b5b2ebe86c9c130a9a","name":"UI-Agenda","version":1,"variables":{"$id":"773","data":{}},"customAttributes":{"$id":"774","data":{}},"isSingleton":false,"persistenceBehavior":"WorkflowBurst","deleteCompletedInstances":false,"isPublished":true,"isLatest":true,"createdAt":"2025-03-12T11:58:06.8157319Z","activities":[{"$id":"775","activityId":"80697f7a-ba84-4db3-80e6-2c9344e40426","type":"HttpEndpoint","displayName":"GET /agenda","x":64,"y":64,"persistWorkflow":false,"loadWorkflowContext":false,"saveWorkflowContext":false,"properties":[{"$id":"776","name":"Path","expressions":{"$id":"777","Literal":"/agenda"}},{"$id":"778","name":"Methods","expressions":{"$id":"779","Json":"[\"GET\"]"}},{"$id":"780","name":"ReadContent","expressions":{"$id":"781"}},{"$id":"782","name":"TargetType","expressions":{"$id":"783"}},{"$id":"784","name":"Schema","syntax":"Literal","expressions":{"$id":"785","Literal":""}},{"$id":"786","name":"Authorize","expressions":{"$id":"787"}},{"$id":"788","name":"Policy","expressions":{"$id":"789"}},{"$id":"790","name":"AuthorizeWithCustomHeader","expressions":{"$id":"791"}},{"$id":"792","name":"CustomHeaderName","expressions":{"$id":"793"}},{"$id":"794","name":"CustomHeaderValue","expressions":{"$id":"795"}}],"propertyStorageProviders":{"$id":"796"}},{"$id":"797","activityId":"a905d3a5-18df-4fe8-9e9e-a48ea1b984f1","type":"WriteHttpResponse","displayName":"HTTP Response","x":320,"y":220,"persistWorkflow":false,"loadWorkflowContext":false,"saveWorkflowContext":false,"properties":[{"$id":"798","name":"Content","syntax":"Liquid","expressions":{"$id":"799","Liquid":"<!DOCTYPE html>\r\n<html lang=\"en\">\r\n<head>\r\n    <meta charset=\"UTF-8\">\r\n    <meta name=\"viewport\" content=\"width=device-width, initial-scale=1.0\">\r\n    <script src=\"https://cdn.tailwindcss.com\"></script>\r\n    <title>Agenda</title>\r\n</head>\r\n<body class=\"bg-gray-100 font-sans\">\r\n    <header class=\"bg-white shadow p-4 flex justify-between items-center\">\r\n        <button class=\"text-gray-500\" onclick=\"location.href='/'\">&larr;</button>\r\n        <h1 class=\"text-lg font-bold\">Agenda</h1>\r\n        <button class=\"text-gray-500\">&#x1F514;</button>\r\n    </header>\r\n\r\n    <section class=\"p-4 pb-20\">\r\n        <div class=\"bg-blue-700 text-white rounded-lg p-4 text-center\">\r\n            <h2 class=\"text-xl font-bold\">Conference Agenda</h2>\r\n            <p class=\"mt-2\">Explore the sessions and plan your schedule.</p>\r\n        </div>\r\n\r\n        <div class=\"bg-white rounded-lg shadow mt-4 p-4\">\r\n            <h3 class=\"text-lg font-bold\">Day 1: 15 August 2025</h3>\r\n            <ul class=\"mt-2 space-y-4\">\r\n                <li class=\"border-b pb-2\">\r\n                    <p class=\"text-sm text-gray-500\">9:00 AM - 10:00 AM</p>\r\n                    <p class=\"font-bold\">Keynote: The Future of Technology</p>\r\n                    <p class=\"text-sm text-gray-500\">Speaker: Dr. Jane Doe</p>\r\n                    <div class=\"flex space-x-2 mt-2\">\r\n                        <button class=\"bg-blue-500 text-white px-4 py-2 rounded\">Check In</button>\r\n                        <button class=\"bg-green-500 text-white px-4 py-2 rounded\">Q&A</button>\r\n                        <button class=\"bg-yellow-500 text-white px-4 py-2 rounded\">Rate</button>\r\n                    </div>\r\n                </li>\r\n                <li class=\"border-b pb-2\">\r\n                    <p class=\"text-sm text-gray-500\">10:30 AM - 12:00 PM</p>\r\n                    <p class=\"font-bold\">Panel Discussion: Innovations in AI</p>\r\n                    <p class=\"text-sm text-gray-500\">Panelists: John Smith, Lisa Wong, Ahmed Khan</p>\r\n                    <div class=\"flex space-x-2 mt-2\">\r\n                        <button class=\"bg-blue-500 text-white px-4 py-2 rounded\">Check In</button>\r\n                        <button class=\"bg-green-500 text-white px-4 py-2 rounded\">Q&A</button>\r\n                        <button class=\"bg-yellow-500 text-white px-4 py-2 rounded\">Rate</button>\r\n                    </div>\r\n                </li>\r\n                <li class=\"border-b pb-2\">\r\n                    <p class=\"text-sm text-gray-500\">1:30 PM - 3:00 PM</p>\r\n                    <p class=\"font-bold\">Workshop: Building Sustainable Solutions</p>\r\n                    <p class=\"text-sm text-gray-500\">Facilitator: Sarah Lee</p>\r\n                    <div class=\"flex space-x-2 mt-2\">\r\n                        <button class=\"bg-blue-500 text-white px-4 py-2 rounded\">Check In</button>\r\n                        <button class=\"bg-green-500 text-white px-4 py-2 rounded\">Q&A</button>\r\n                        <button class=\"bg-yellow-500 text-white px-4 py-2 rounded\">Rate</button>\r\n                    </div>\r\n                </li>\r\n            </ul>\r\n        </div>\r\n\r\n        <div class=\"bg-white rounded-lg shadow mt-4 p-4\">\r\n            <h3 class=\"text-lg font-bold\">Day 2: 16 August 2025</h3>\r\n            <ul class=\"mt-2 space-y-4\">\r\n                <li class=\"border-b pb-2\">\r\n                    <p class=\"text-sm text-gray-500\">9:00 AM - 10:30 AM</p>\r\n                    <p class=\"font-bold\">Keynote: Navigating Digital Transformation</p>\r\n                    <p class=\"text-sm text-gray-500\">Speaker: Michael Chen</p>\r\n                    <div class=\"flex space-x-2 mt-2\">\r\n                        <button class=\"bg-blue-500 text-white px-4 py-2 rounded\">Check In</button>\r\n                        <button class=\"bg-green-500 text-white px-4 py-2 rounded\">Q&A</button>\r\n                        <button class=\"bg-yellow-500 text-white px-4 py-2 rounded\">Rate</button>\r\n                    </div>\r\n                </li>\r\n                <li class=\"border-b pb-2\">\r\n                    <p class=\"text-sm text-gray-500\">11:00 AM - 12:30 PM</p>\r\n                    <p class=\"font-bold\">Roundtable: Cybersecurity in 2025</p>\r\n                    <p class=\"text-sm text-gray-500\">Moderated by: Emily Davis</p>\r\n                    <div class=\"flex space-x-2 mt-2\">\r\n                        <button class=\"bg-blue-500 text-white px-4 py-2 rounded\">Check In</button>\r\n                        <button class=\"bg-green-500 text-white px-4 py-2 rounded\">Q&A</button>\r\n                        <button class=\"bg-yellow-500 text-white px-4 py-2 rounded\">Rate</button>\r\n                    </div>\r\n                </li>\r\n                <li class=\"border-b pb-2\">\r\n                    <p class=\"text-sm text-gray-500\">2:00 PM - 4:00 PM</p>\r\n                    <p class=\"font-bold\">Closing Ceremony and Awards</p>\r\n                    <p class=\"text-sm text-gray-500\">Host: Mark Thompson</p>\r\n                    <div class=\"flex space-x-2 mt-2\">\r\n                        <button class=\"bg-blue-500 text-white px-4 py-2 rounded\">Check In</button>\r\n                        <button class=\"bg-green-500 text-white px-4 py-2 rounded\">Q&A</button>\r\n                        <button class=\"bg-yellow-500 text-white px-4 py-2 rounded\">Rate</button>\r\n                    </div>\r\n                </li>\r\n            </ul>\r\n        </div>\r\n    </section>\r\n\r\n    <nav class=\"fixed bottom-0 left-0 w-full bg-white shadow p-4 flex justify-around\">\r\n        <a href=\"/\" class=\"text-gray-500\">Home</a>\r\n        <a href=\"/agenda\" class=\"text-gray-500\">Agenda</a>\r\n        <a href=\"#\" class=\"bg-blue-500 text-white p-2 rounded-full\">QR</a>\r\n        <a href=\"/attendees\" class=\"text-gray-500\">Attendees</a>\r\n        <a href=\"#\" class=\"text-gray-500\">Menu</a>\r\n    </nav>\r\n</body>\r\n</html>\r\n"}},{"$id":"800","name":"ContentType","expressions":{"$id":"801","Literal":"text/html"}},{"$id":"802","name":"StatusCode","expressions":{"$id":"803","Literal":"OK"}},{"$id":"804","name":"CharSet","expressions":{"$id":"805","Literal":"utf-8"}},{"$id":"806","name":"ResponseHeaders","expressions":{"$id":"807"}}],"propertyStorageProviders":{"$id":"808"}}],"connections":[{"$id":"809","sourceActivityId":"80697f7a-ba84-4db3-80e6-2c9344e40426","targetActivityId":"a905d3a5-18df-4fe8-9e9e-a48ea1b984f1","outcome":"Done"}],"id":"6a3f6c777ce044b5b2ebe86c9c130a9a"}