{"$id":"810","definitionId":"7cb9030b62764720b80fe96499783914","versionId":"e4e500b5326d4df3a929b9a8cb3a58ca","name":"UI-Attendees","version":13,"variables":{"$id":"811","data":{}},"customAttributes":{"$id":"812","data":{}},"isSingleton":false,"persistenceBehavior":"WorkflowBurst","deleteCompletedInstances":false,"isPublished":true,"isLatest":true,"createdAt":"2025-03-27T23:46:26.5766322Z","activities":[{"$id":"813","activityId":"b35a6052-5cfa-4b5d-b6f3-f2d243a8af28","type":"HttpEndpoint","displayName":"GET /attendees","x":64,"y":64,"persistWorkflow":false,"loadWorkflowContext":false,"saveWorkflowContext":false,"properties":[{"$id":"814","name":"Path","expressions":{"$id":"815","Literal":"/attendees"}},{"$id":"816","name":"Methods","expressions":{"$id":"817","Json":"[\"GET\"]"}},{"$id":"818","name":"ReadContent","expressions":{"$id":"819"}},{"$id":"820","name":"TargetType","expressions":{"$id":"821"}},{"$id":"822","name":"Schema","syntax":"Literal","expressions":{"$id":"823","Literal":""}},{"$id":"824","name":"Authorize","expressions":{"$id":"825"}},{"$id":"826","name":"Policy","expressions":{"$id":"827"}},{"$id":"828","name":"AuthorizeWithCustomHeader","expressions":{"$id":"829"}},{"$id":"830","name":"CustomHeaderName","expressions":{"$id":"831"}},{"$id":"832","name":"CustomHeaderValue","expressions":{"$id":"833"}}],"propertyStorageProviders":{"$id":"834"}},{"$id":"835","activityId":"0b87289d-b1b6-4190-b377-a30d7e8b2c3d","type":"WriteHttpResponse","displayName":"HTTP Response","x":400,"y":240,"persistWorkflow":false,"loadWorkflowContext":false,"saveWorkflowContext":false,"properties":[{"$id":"836","name":"Content","syntax":"Liquid","expressions":{"$id":"837","Liquid":"<!DOCTYPE html>\r\n<html lang=\"en\">\r\n<head>\r\n    <meta charset=\"UTF-8\">\r\n    <meta name=\"viewport\" content=\"width=device-width, initial-scale=1.0\">\r\n    <script src=\"https://cdn.tailwindcss.com\"></script>\r\n    <title>Attendees</title>\r\n    <style>\r\n        .hidden { display: none; }\r\n    </style>\r\n</head>\r\n<body class=\"bg-gray-100 font-sans\">\r\n    <header class=\"bg-white shadow p-4 flex justify-between items-center\">\r\n        <button class=\"text-gray-500\" onclick=\"location.href='/'\">&larr;</button>\r\n        <h1 class=\"text-lg font-bold\">Attendees</h1>\r\n        <button class=\"text-gray-500\">&#x1F514;</button>\r\n    </header>\r\n\r\n    <section class=\"p-4\">\r\n        <div class=\"bg-blue-700 text-white rounded-lg p-4 text-center\">\r\n            <h2 class=\"text-xl font-bold\">Attendees List</h2>\r\n            <p class=\"mt-2\">Click a letter to filter attendees.</p>\r\n        </div>\r\n\r\n        <div class=\"grid grid-cols-6 gap-2 mt-4\">\r\n            <!-- Alphabet Buttons -->\r\n            <button onclick=\"filterByLetter('A')\" class=\"bg-white shadow p-2 rounded text-center\">A</button>\r\n            <button onclick=\"filterByLetter('B')\" class=\"bg-white shadow p-2 rounded text-center\">B</button>\r\n            <button onclick=\"filterByLetter('C')\" class=\"bg-white shadow p-2 rounded text-center\">C</button>\r\n\t\t\t<button onclick=\"filterByLetter('D')\" class=\"bg-white shadow p-2 rounded text-center\">D</button>\r\n            <button onclick=\"filterByLetter('E')\" class=\"bg-white shadow p-2 rounded text-center\">E</button>\r\n            <button onclick=\"filterByLetter('F')\" class=\"bg-white shadow p-2 rounded text-center\">F</button>\r\n\t\t\t<button onclick=\"filterByLetter('G')\" class=\"bg-white shadow p-2 rounded text-center\">G</button>\r\n            <button onclick=\"filterByLetter('H')\" class=\"bg-white shadow p-2 rounded text-center\">H</button>\r\n            <button onclick=\"filterByLetter('I')\" class=\"bg-white shadow p-2 rounded text-center\">I</button>\r\n\t\t\t<button onclick=\"filterByLetter('J')\" class=\"bg-white shadow p-2 rounded text-center\">J</button>\r\n            <button onclick=\"filterByLetter('K')\" class=\"bg-white shadow p-2 rounded text-center\">K</button>\r\n            <button onclick=\"filterByLetter('L')\" class=\"bg-white shadow p-2 rounded text-center\">L</button>\r\n\t\t\t<button onclick=\"filterByLetter('M')\" class=\"bg-white shadow p-2 rounded text-center\">M</button>\r\n            <button onclick=\"filterByLetter('N')\" class=\"bg-white shadow p-2 rounded text-center\">N</button>\r\n            <button onclick=\"filterByLetter('O')\" class=\"bg-white shadow p-2 rounded text-center\">O</button>\r\n\t\t\t<button onclick=\"filterByLetter('P')\" class=\"bg-white shadow p-2 rounded text-center\">P</button>\r\n            <button onclick=\"filterByLetter('Q')\" class=\"bg-white shadow p-2 rounded text-center\">Q</button>\r\n            <button onclick=\"filterByLetter('R')\" class=\"bg-white shadow p-2 rounded text-center\">R</button>\r\n\t\t\t<button onclick=\"filterByLetter('S')\" class=\"bg-white shadow p-2 rounded text-center\">S</button>\r\n            <button onclick=\"filterByLetter('T')\" class=\"bg-white shadow p-2 rounded text-center\">T</button>\r\n            <button onclick=\"filterByLetter('U')\" class=\"bg-white shadow p-2 rounded text-center\">U</button>\r\n\t\t\t<button onclick=\"filterByLetter('V')\" class=\"bg-white shadow p-2 rounded text-center\">V</button>\r\n            <button onclick=\"filterByLetter('W')\" class=\"bg-white shadow p-2 rounded text-center\">W</button>\r\n            <button onclick=\"filterByLetter('X')\" class=\"bg-white shadow p-2 rounded text-center\">X</button>\r\n\t\t\t<button onclick=\"filterByLetter('Y')\" class=\"bg-white shadow p-2 rounded text-center\">Y</button>\r\n\t\t\t<button onclick=\"filterByLetter('Z')\" class=\"bg-white shadow p-2 rounded text-center\">Z</button>\r\n            <!-- Repeat buttons for all letters -->\r\n        </div>\r\n\r\n        <ul id=\"attendeeList\" class=\"mt-4 space-y-2\">\r\n            <!-- Attendees will be dynamically populated here -->\r\n        </ul>\r\n    </section>\r\n\r\n    <script>\r\n        // Sample JSON attendees data embedded in the HTML\r\n        const attendeesJSON = [\r\n\t\t{% for mything in Activities.GetAttendees.Output %}\r\n            { \"name\": \"{{mything.Title}}\", \"letter\": \"{{mything.TitleChar}}\" },\r\n\t\t\t{%endfor%}\r\n\t\t\r\n        ];\r\n\r\n        // Initialize IndexDB\r\n        const dbName = \"AttendeesDB\";\r\n        const storeName = \"attendees\";\r\n\r\n        function initDB() {\r\n            return new Promise((resolve, reject) => {\r\n                const request = indexedDB.open(dbName, 1);\r\n\r\n                request.onupgradeneeded = (event) => {\r\n                    const db = event.target.result;\r\n                    if (!db.objectStoreNames.contains(storeName)) {\r\n                        db.createObjectStore(storeName, { keyPath: \"name\" });\r\n                    }\r\n                };\r\n\r\n                request.onsuccess = () => resolve(request.result);\r\n                request.onerror = () => reject(request.error);\r\n            });\r\n        }\r\n\r\n        async function syncDataWithDB(data) {\r\n            const db = await initDB();\r\n            const transaction = db.transaction(storeName, \"readwrite\");\r\n            const store = transaction.objectStore(storeName);\r\n\r\n            data.forEach((attendee) => {\r\n                store.put(attendee);\r\n            });\r\n        }\r\n\r\n        async function getAttendeesFromDB(letter) {\r\n            const db = await initDB();\r\n            const transaction = db.transaction(storeName, \"readonly\");\r\n            const store = transaction.objectStore(storeName);\r\n            const attendees = [];\r\n\r\n            return new Promise((resolve) => {\r\n                store.openCursor().onsuccess = (event) => {\r\n                    const cursor = event.target.result;\r\n                    if (cursor) {\r\n                        if (cursor.value.letter === letter) {\r\n                            attendees.push(cursor.value);\r\n                        }\r\n                        cursor.continue();\r\n                    } else {\r\n                        resolve(attendees);\r\n                    }\r\n                };\r\n            });\r\n        }\r\n\r\n        async function populateAttendees(letter) {\r\n            const attendeesList = document.getElementById(\"attendeeList\");\r\n            attendeesList.innerHTML = \"\";\r\n\r\n            const attendees = await getAttendeesFromDB(letter);\r\n            attendees.forEach((attendee) => {\r\n                const li = document.createElement(\"li\");\r\n                li.textContent = attendee.name;\r\n                li.className = \"bg-white p-4 rounded-lg shadow\";\r\n                attendeesList.appendChild(li);\r\n            });\r\n        }\r\n\r\n        function filterByLetter(letter) {\r\n            populateAttendees(letter);\r\n        }\r\n\r\n        // Initial sync and setup\r\n        (async () => {\r\n            await syncDataWithDB(attendeesJSON);\r\n        })();\r\n    </script>\r\n\r\n    <nav class=\"fixed bottom-0 left-0 w-full bg-white shadow p-4 flex justify-around\">\r\n        <a href=\"/\" class=\"text-gray-500\">Home</a>\r\n        <a href=\"/agenda\" class=\"text-gray-500\">Agenda</a>\r\n        <a href=\"#\" class=\"bg-blue-500 text-white p-2 rounded-full\">QR</a>\r\n        <a href=\"/attendees\" class=\"text-gray-500\">Attendees</a>\r\n        <a href=\"#\" class=\"text-gray-500\">Menu</a>\r\n    </nav>\r\n</body>\r\n</html>\r\n"}},{"$id":"838","name":"ContentType","expressions":{"$id":"839","Literal":"text/html"}},{"$id":"840","name":"StatusCode","expressions":{"$id":"841","Literal":"OK"}},{"$id":"842","name":"CharSet","expressions":{"$id":"843","Literal":"utf-8"}},{"$id":"844","name":"ResponseHeaders","expressions":{"$id":"845"}}],"propertyStorageProviders":{"$id":"846"}},{"$id":"847","activityId":"3f9319a3-15b9-407b-b4bc-8a182613423a","type":"ObjectInstanceList","name":"GetAttendees","displayName":"GetAttendees","x":600,"y":120,"persistWorkflow":false,"loadWorkflowContext":false,"saveWorkflowContext":false,"properties":[{"$id":"848","name":"ObjectType","expressions":{"$id":"849","Literal":"Name: Attendee"}},{"$id":"850","name":"Expand","expressions":{"$id":"851"}},{"$id":"852","name":"Filter","expressions":{"$id":"853"}},{"$id":"854","name":"Skip","expressions":{"$id":"855"}},{"$id":"856","name":"Limit","expressions":{"$id":"857"}},{"$id":"858","name":"OrderBy","expressions":{"$id":"859"}}],"propertyStorageProviders":{"$id":"860"}}],"connections":[{"$id":"861","sourceActivityId":"b35a6052-5cfa-4b5d-b6f3-f2d243a8af28","targetActivityId":"3f9319a3-15b9-407b-b4bc-8a182613423a","outcome":"Done"},{"$id":"862","sourceActivityId":"3f9319a3-15b9-407b-b4bc-8a182613423a","targetActivityId":"0b87289d-b1b6-4190-b377-a30d7e8b2c3d","outcome":"Done"}],"id":"e4e500b5326d4df3a929b9a8cb3a58ca"}