{"$id":"863","definitionId":"f50acc73d8664f0eaa81502f8a5d983e","versionId":"bf719cbca8c84ace9d6a2787fcfc4139","name":"UI-Exhibitors","version":1,"variables":{"$id":"864","data":{}},"customAttributes":{"$id":"865","data":{}},"isSingleton":false,"persistenceBehavior":"WorkflowBurst","deleteCompletedInstances":false,"isPublished":true,"isLatest":true,"createdAt":"2025-03-12T11:58:06.8806812Z","activities":[{"$id":"866","activityId":"a339d285-97ab-4351-872c-509fbdc6ad63","type":"HttpEndpoint","displayName":"GET /exhibitors","x":64,"y":64,"persistWorkflow":false,"loadWorkflowContext":false,"saveWorkflowContext":false,"properties":[{"$id":"867","name":"Path","expressions":{"$id":"868","Literal":"/exhibitors"}},{"$id":"869","name":"Methods","expressions":{"$id":"870","Json":"[\"GET\"]"}},{"$id":"871","name":"ReadContent","expressions":{"$id":"872"}},{"$id":"873","name":"TargetType","expressions":{"$id":"874"}},{"$id":"875","name":"Schema","syntax":"Literal","expressions":{"$id":"876","Literal":""}},{"$id":"877","name":"Authorize","expressions":{"$id":"878"}},{"$id":"879","name":"Policy","expressions":{"$id":"880"}},{"$id":"881","name":"AuthorizeWithCustomHeader","expressions":{"$id":"882"}},{"$id":"883","name":"CustomHeaderName","expressions":{"$id":"884"}},{"$id":"885","name":"CustomHeaderValue","expressions":{"$id":"886"}}],"propertyStorageProviders":{"$id":"887"}},{"$id":"888","activityId":"89bf51bb-3637-4c6c-8b20-e936fa261521","type":"WriteHttpResponse","displayName":"HTTP Response","x":460,"y":280,"persistWorkflow":false,"loadWorkflowContext":false,"saveWorkflowContext":false,"properties":[{"$id":"889","name":"Content","syntax":"Liquid","expressions":{"$id":"890","Liquid":"<!DOCTYPE html>\r\n<html lang=\"en\">\r\n<head>\r\n    <meta charset=\"UTF-8\">\r\n    <meta name=\"viewport\" content=\"width=device-width, initial-scale=1.0\">\r\n    <script src=\"https://cdn.tailwindcss.com\"></script>\r\n    <title>Exhibitor Details</title>\r\n    <style>\r\n        .hidden { display: none; }\r\n    </style>\r\n</head>\r\n<body class=\"bg-gray-100 font-sans\">\r\n    <header class=\"bg-white shadow p-4 flex justify-between items-center\">\r\n        <button class=\"text-gray-500\" onclick=\"location.href='/'\">&larr;</button>\r\n        <h1 class=\"text-lg font-bold\">Exhibitors</h1>\r\n        <button class=\"text-gray-500\">&#x1F514;</button>\r\n    </header>\r\n\r\n    <section class=\"p-4\">\r\n        <div class=\"bg-blue-700 text-white rounded-lg p-4 text-center\">\r\n            <h2 class=\"text-xl font-bold\">Exhibitor Details</h2>\r\n            <p class=\"mt-2\">Discover information about our exhibitors and their offerings.</p>\r\n        </div>\r\n\r\n        <div class=\"mt-4\">\r\n            <ul id=\"exhibitorList\" class=\"space-y-4\">\r\n                <!-- Exhibitors will be dynamically populated here -->\r\n            </ul>\r\n        </div>\r\n    </section>\r\n\r\n    <script>\r\n        // Sample JSON exhibitors data embedded in the HTML\r\n        const exhibitorsJSON = [\r\n            { \"name\": \"TechCorp\", \"description\": \"Innovative tech solutions for businesses.\", \"booth\": \"A1\" },\r\n            { \"name\": \"GreenLife\", \"description\": \"Sustainable products for a better future.\", \"booth\": \"B2\" },\r\n            { \"name\": \"EduWorld\", \"description\": \"Educational tools and resources.\", \"booth\": \"C3\" }\r\n        ];\r\n\r\n        // Initialize IndexedDB\r\n        const dbName = \"ExhibitorsDB\";\r\n        const storeName = \"exhibitors\";\r\n\r\n        function initDB() {\r\n            return new Promise((resolve, reject) => {\r\n                const request = indexedDB.open(dbName, 1);\r\n\r\n                request.onupgradeneeded = (event) => {\r\n                    const db = event.target.result;\r\n                    if (!db.objectStoreNames.contains(storeName)) {\r\n                        db.createObjectStore(storeName, { keyPath: \"name\" });\r\n                    }\r\n                };\r\n\r\n                request.onsuccess = () => resolve(request.result);\r\n                request.onerror = () => reject(request.error);\r\n            });\r\n        }\r\n\r\n        async function syncDataWithDB(data) {\r\n            const db = await initDB();\r\n            const transaction = db.transaction(storeName, \"readwrite\");\r\n            const store = transaction.objectStore(storeName);\r\n\r\n            data.forEach((exhibitor) => {\r\n                store.put(exhibitor);\r\n            });\r\n        }\r\n\r\n        async function getExhibitorsFromDB() {\r\n            const db = await initDB();\r\n            const transaction = db.transaction(storeName, \"readonly\");\r\n            const store = transaction.objectStore(storeName);\r\n            const exhibitors = [];\r\n\r\n            return new Promise((resolve) => {\r\n                store.openCursor().onsuccess = (event) => {\r\n                    const cursor = event.target.result;\r\n                    if (cursor) {\r\n                        exhibitors.push(cursor.value);\r\n                        cursor.continue();\r\n                    } else {\r\n                        resolve(exhibitors);\r\n                    }\r\n                };\r\n            });\r\n        }\r\n\r\n        async function populateExhibitors() {\r\n            const exhibitorList = document.getElementById(\"exhibitorList\");\r\n            exhibitorList.innerHTML = \"\";\r\n\r\n            const exhibitors = await getExhibitorsFromDB();\r\n            exhibitors.forEach((exhibitor) => {\r\n                const li = document.createElement(\"li\");\r\n                li.className = \"bg-white p-4 rounded-lg shadow\";\r\n                li.innerHTML = `\r\n                    <a href=\"/sponsordetails\"><h3 class=\"text-lg font-bold\">${exhibitor.name}</h3></a>\r\n                    <p class=\"text-sm text-gray-500\">${exhibitor.description}</p>\r\n                    <p class=\"text-sm text-gray-500\">Booth: ${exhibitor.booth}</p>\r\n                `;\r\n                exhibitorList.appendChild(li);\r\n            });\r\n        }\r\n\r\n        // Initial sync and setup\r\n        (async () => {\r\n            await syncDataWithDB(exhibitorsJSON);\r\n            populateExhibitors();\r\n        })();\r\n    </script>\r\n\r\n    <nav class=\"fixed bottom-0 left-0 w-full bg-white shadow p-4 flex justify-around\">\r\n        <a href=\"/\" class=\"text-gray-500\">Home</a>\r\n        <a href=\"/agenda\" class=\"text-gray-500\">Agenda</a>\r\n        <a href=\"#\" class=\"bg-blue-500 text-white p-2 rounded-full\">QR</a>\r\n        <a href=\"/attendees\" class=\"text-gray-500\">Attendees</a>\r\n        <a href=\"#\" class=\"text-gray-500\">Menu</a>\r\n    </nav>\r\n</body>\r\n</html>"}},{"$id":"891","name":"ContentType","expressions":{"$id":"892","Literal":"text/html"}},{"$id":"893","name":"StatusCode","expressions":{"$id":"894","Literal":"OK"}},{"$id":"895","name":"CharSet","expressions":{"$id":"896","Literal":"utf-8"}},{"$id":"897","name":"ResponseHeaders","expressions":{"$id":"898"}}],"propertyStorageProviders":{"$id":"899"}}],"connections":[{"$id":"900","sourceActivityId":"a339d285-97ab-4351-872c-509fbdc6ad63","targetActivityId":"89bf51bb-3637-4c6c-8b20-e936fa261521","outcome":"Done"}],"id":"bf719cbca8c84ace9d6a2787fcfc4139"}