{"$id":"901","definitionId":"0ea8530403624976b4edc84ad91a4e1f","versionId":"ca3a7e28f4c549e4b1126474d9db2b7f","name":"UI-Floormap","version":1,"variables":{"$id":"902","data":{}},"customAttributes":{"$id":"903","data":{}},"isSingleton":false,"persistenceBehavior":"WorkflowBurst","deleteCompletedInstances":false,"isPublished":true,"isLatest":true,"createdAt":"2025-03-12T11:58:06.9137168Z","activities":[{"$id":"904","activityId":"73c187ff-3beb-47ad-b907-6c491928626b","type":"HttpEndpoint","displayName":"GET /floorplan","x":64,"y":64,"persistWorkflow":false,"loadWorkflowContext":false,"saveWorkflowContext":false,"properties":[{"$id":"905","name":"Path","expressions":{"$id":"906","Literal":"/floorplan"}},{"$id":"907","name":"Methods","expressions":{"$id":"908","Json":"[\"GET\"]"}},{"$id":"909","name":"ReadContent","expressions":{"$id":"910"}},{"$id":"911","name":"TargetType","expressions":{"$id":"912"}},{"$id":"913","name":"Schema","syntax":"Literal","expressions":{"$id":"914","Literal":""}},{"$id":"915","name":"Authorize","expressions":{"$id":"916"}},{"$id":"917","name":"Policy","expressions":{"$id":"918"}},{"$id":"919","name":"AuthorizeWithCustomHeader","expressions":{"$id":"920"}},{"$id":"921","name":"CustomHeaderName","expressions":{"$id":"922"}},{"$id":"923","name":"CustomHeaderValue","expressions":{"$id":"924"}}],"propertyStorageProviders":{"$id":"925"}},{"$id":"926","activityId":"8ab08d97-7268-4ccd-a676-816cab03b893","type":"WriteHttpResponse","displayName":"HTTP Response","x":420,"y":320,"persistWorkflow":false,"loadWorkflowContext":false,"saveWorkflowContext":false,"properties":[{"$id":"927","name":"Content","syntax":"Liquid","expressions":{"$id":"928","Liquid":"<!DOCTYPE html>\r\n<html lang=\"en\">\r\n<head>\r\n    <meta charset=\"UTF-8\">\r\n    <meta name=\"viewport\" content=\"width=device-width, initial-scale=1.0\">\r\n    <script src=\"https://cdn.tailwindcss.com\"></script>\r\n    <title>Interactive Floor Plan</title>\r\n    <style>\r\n        .map-area {\r\n            position: absolute;\r\n            cursor: grab;\r\n            background-color: rgba(0, 123, 255, 0.5);\r\n        }\r\n        .map-area:active {\r\n            cursor: grabbing;\r\n        }\r\n        .resize-handle {\r\n            position: absolute;\r\n            width: 10px;\r\n            height: 10px;\r\n            background-color: red;\r\n            bottom: 0;\r\n            right: 0;\r\n            cursor: nwse-resize;\r\n        }\r\n        .disabled {\r\n            pointer-events: none;\r\n            opacity: 0.6;\r\n        }\r\n    </style>\r\n</head>\r\n<body class=\"bg-gray-100 font-sans\">\r\n    <header class=\"bg-white shadow p-4 flex justify-between items-center\">\r\n        <button class=\"text-gray-500\" onclick=\"location.href='/'\">&larr;</button>\r\n        <h1 class=\"text-lg font-bold\">Floor Plan</h1>\r\n        <button class=\"text-gray-500\">&#x1F514;</button>\r\n    </header>\r\n\r\n    <section class=\"p-4 pb-20\">\r\n        <div class=\"bg-blue-700 text-white rounded-lg p-4 text-center\">\r\n            <h2 class=\"text-xl font-bold\">Interactive Floor Plan</h2>\r\n            <p class=\"mt-2\">Drag, resize the areas or add new ones.</p>\r\n        </div>\r\n\r\n        <div class=\"relative mt-4\" id=\"floor-plan\" style=\"height: 600px; position: relative;\">\r\n            <img src=\"https://conferences.mrc.ac.za/assets/img/groundfloor.jpg\" height=\"300px\" alt=\"Floor Plan\" class=\"w-full h-auto\">\r\n        </div>\r\n\r\n        <div class=\"mt-4\">\r\n            <button id=\"add-button\" onclick=\"openAreaForm()\" class=\"bg-blue-500 text-white px-4 py-2 rounded\">Add New Area</button>\r\n            <button id=\"save-button\" onclick=\"saveMode()\" class=\"bg-green-500 text-white px-4 py-2 rounded\">Save</button>\r\n            <button id=\"edit-button\" onclick=\"editMode()\" class=\"hidden bg-yellow-500 text-white px-4 py-2 rounded\">Edit</button>\r\n        </div>\r\n\r\n        <div id=\"area-form\" class=\"hidden mt-4 bg-white rounded-lg shadow p-4\">\r\n            <h3 class=\"text-lg font-bold\">Add Area Details</h3>\r\n            <label class=\"block mt-2\">\r\n                <span class=\"text-sm\">Name:</span>\r\n                <input id=\"area-name\" type=\"text\" class=\"w-full p-2 border rounded\" placeholder=\"Enter area name\">\r\n            </label>\r\n            <label class=\"block mt-2\">\r\n                <span class=\"text-sm\">Description:</span>\r\n                <textarea id=\"area-description\" class=\"w-full p-2 border rounded\" placeholder=\"Enter area description\"></textarea>\r\n            </label>\r\n            <button onclick=\"saveArea()\" class=\"mt-4 bg-green-500 text-white px-4 py-2 rounded\">Save</button>\r\n        </div>\r\n\r\n        <div id=\"details\" class=\"bg-white rounded-lg shadow mt-4 p-4 hidden\">\r\n            <h3 class=\"text-lg font-bold\" id=\"details-title\"></h3>\r\n            <p class=\"text-sm text-gray-500 mt-2\" id=\"details-description\"></p>\r\n        </div>\r\n    </section>\r\n\r\n    <script>\r\n        let selectedArea = null;\r\n        let offset = { x: 0, y: 0 };\r\n\r\n        function enableDragAndResize(area) {\r\n            area.addEventListener('mousedown', (e) => {\r\n                if (e.target.classList.contains('resize-handle')) return;\r\n                selectedArea = area;\r\n                offset = {\r\n                    x: e.offsetX,\r\n                    y: e.offsetY\r\n                };\r\n                area.style.cursor = 'grabbing';\r\n            });\r\n\r\n            document.addEventListener('mousemove', (e) => {\r\n                if (selectedArea) {\r\n                    const rect = selectedArea.parentElement.getBoundingClientRect();\r\n                    const left = e.clientX - rect.left - offset.x;\r\n                    const top = e.clientY - rect.top - offset.y;\r\n                    selectedArea.style.left = `${Math.max(0, Math.min(left, rect.width - selectedArea.offsetWidth))}px`;\r\n                    selectedArea.style.top = `${Math.max(0, Math.min(top, rect.height - selectedArea.offsetHeight))}px`;\r\n                }\r\n            });\r\n\r\n            document.addEventListener('mouseup', () => {\r\n                if (selectedArea) {\r\n                    selectedArea.style.cursor = 'grab';\r\n                    selectedArea = null;\r\n                }\r\n            });\r\n\r\n            const resizeHandle = document.createElement('div');\r\n            resizeHandle.className = 'resize-handle';\r\n            area.appendChild(resizeHandle);\r\n\r\n            resizeHandle.addEventListener('mousedown', (e) => {\r\n                e.stopPropagation();\r\n                const initialWidth = area.offsetWidth;\r\n                const initialHeight = area.offsetHeight;\r\n                const startX = e.clientX;\r\n                const startY = e.clientY;\r\n\r\n                const resize = (e) => {\r\n                    const width = initialWidth + (e.clientX - startX);\r\n                    const height = initialHeight + (e.clientY - startY);\r\n                    area.style.width = `${Math.max(20, width)}px`;\r\n                    area.style.height = `${Math.max(20, height)}px`;\r\n                };\r\n\r\n                const stopResize = () => {\r\n                    document.removeEventListener('mousemove', resize);\r\n                    document.removeEventListener('mouseup', stopResize);\r\n                };\r\n\r\n                document.addEventListener('mousemove', resize);\r\n                document.addEventListener('mouseup', stopResize);\r\n            });\r\n\r\n            area.addEventListener('dblclick', () => {\r\n                if (document.getElementById('edit-button').classList.contains('hidden')) return;\r\n                if (confirm('Delete this area?')) {\r\n                    area.remove();\r\n                }\r\n            });\r\n\r\n            area.addEventListener('click', () => {\r\n                const areaData = area.dataset;\r\n                document.getElementById('details-title').textContent = areaData.name;\r\n                document.getElementById('details-description').textContent = areaData.description;\r\n                document.getElementById('details').classList.remove('hidden');\r\n            });\r\n        }\r\n\r\n        function openAreaForm() {\r\n            document.getElementById('area-form').classList.remove('hidden');\r\n        }\r\n\r\n        function saveArea() {\r\n            const name = document.getElementById('area-name').value;\r\n            const description = document.getElementById('area-description').value;\r\n            const floorPlan = document.getElementById('floor-plan');\r\n            const newArea = document.createElement('div');\r\n\r\n            newArea.className = 'map-area';\r\n            newArea.style.width = '50px';\r\n            newArea.style.height = '50px';\r\n            newArea.style.top = '50%';\r\n            newArea.style.left = '50%';\r\n            newArea.dataset.name = name;\r\n            newArea.dataset.description = description;\r\n\r\n            enableDragAndResize(newArea);\r\n            floorPlan.appendChild(newArea);\r\n            document.getElementById('area-form').classList.add('hidden');\r\n            document.getElementById('area-name').value = '';\r\n            document.getElementById('area-description').value = '';\r\n        }\r\n\r\n        function saveMode() {\r\n            document.getElementById('add-button').classList.add('hidden');\r\n            document.getElementById('edit-button').classList.remove('hidden');\r\n            document.querySelectorAll('.map-area').forEach(area => {\r\n                area.classList.add('disabled');\r\n                area.querySelector('.resize-handle').remove();\r\n            });\r\n        }\r\n\r\n        function editMode() {\r\n            document.getElementById('add-button').classList.remove('hidden');\r\n            document.getElementById('edit-button').classList.add('hidden');\r\n            document.querySelectorAll('.map-area').forEach(area => {\r\n                area.classList.remove('disabled');\r\n                enableDragAndResize(area);\r\n            });\r\n        }\r\n\r\n        document.querySelectorAll('.map-area').forEach(enableDragAndResize);\r\n    </script>\r\n\r\n    <nav class=\"fixed bottom-0 left-0 w-full bg-white shadow p-4 flex justify-around\">\r\n        <a href=\"/\" class=\"text-gray-500\">Home</a>\r\n        <a href=\"/agenda\" class=\"text-gray-500\">Agenda</a>\r\n        <a href=\"#\" class=\"bg-blue-500 text-white p-2 rounded-full\">QR</a>\r\n        <a href=\"/attendees\" class=\"text-gray-500\">Attendees</a>\r\n        <a href=\"#\" class=\"text-gray-500\">Menu</a>\r\n    </nav>\r\n</body>\r\n</html>\r\n"}},{"$id":"929","name":"ContentType","expressions":{"$id":"930","Literal":"text/html"}},{"$id":"931","name":"StatusCode","expressions":{"$id":"932","Literal":"OK"}},{"$id":"933","name":"CharSet","expressions":{"$id":"934","Literal":"utf-8"}},{"$id":"935","name":"ResponseHeaders","expressions":{"$id":"936"}}],"propertyStorageProviders":{"$id":"937"}}],"connections":[{"$id":"938","sourceActivityId":"73c187ff-3beb-47ad-b907-6c491928626b","targetActivityId":"8ab08d97-7268-4ccd-a676-816cab03b893","outcome":"Done"}],"id":"ca3a7e28f4c549e4b1126474d9db2b7f"}