{"$id":"939","definitionId":"6591cc5de74849a48aaf11ada69d907e","versionId":"0eccb975d88c4548b5e0eaecb122e8af","name":"UI-Home","version":1,"variables":{"$id":"940","data":{}},"customAttributes":{"$id":"941","data":{}},"isSingleton":false,"persistenceBehavior":"WorkflowBurst","deleteCompletedInstances":false,"isPublished":true,"isLatest":true,"createdAt":"2025-03-12T11:58:06.9469136Z","activities":[{"$id":"942","activityId":"0604d27e-7c11-4184-8cf1-b826147ef955","type":"HttpEndpoint","displayName":"GET /","x":64,"y":64,"persistWorkflow":false,"loadWorkflowContext":false,"saveWorkflowContext":false,"properties":[{"$id":"943","name":"Path","expressions":{"$id":"944","Literal":"/"}},{"$id":"945","name":"Methods","expressions":{"$id":"946","Json":"[\"GET\"]"}},{"$id":"947","name":"ReadContent","expressions":{"$id":"948"}},{"$id":"949","name":"TargetType","expressions":{"$id":"950"}},{"$id":"951","name":"Schema","syntax":"Literal","expressions":{"$id":"952","Literal":""}},{"$id":"953","name":"Authorize","expressions":{"$id":"954"}},{"$id":"955","name":"Policy","expressions":{"$id":"956"}},{"$id":"957","name":"AuthorizeWithCustomHeader","expressions":{"$id":"958"}},{"$id":"959","name":"CustomHeaderName","expressions":{"$id":"960"}},{"$id":"961","name":"CustomHeaderValue","expressions":{"$id":"962"}}],"propertyStorageProviders":{"$id":"963"}},{"$id":"964","activityId":"a417a471-34fc-45d7-99fc-d0769d66354d","type":"WriteHttpResponse","displayName":"HTTP Response","x":520,"y":280,"persistWorkflow":false,"loadWorkflowContext":false,"saveWorkflowContext":false,"properties":[{"$id":"965","name":"Content","syntax":"Liquid","expressions":{"$id":"966","Liquid":"<!DOCTYPE html>\r\n<html lang=\"en\">\r\n<head>\r\n    <meta charset=\"UTF-8\">\r\n    <link rel=\"manifest\" href=\"/manifest.json\">\r\n    <meta name=\"theme-color\" content=\"#000000\">\r\n    <meta name=\"viewport\" content=\"width=device-width, initial-scale=1.0\">\r\n    <script src=\"https://cdn.tailwindcss.com\"></script>\r\n    <script src=\"https://cdn.jsdelivr.net/npm/qrcode/build/qrcode.min.js\"></script> <!-- Correct CDN for QRCode.js -->\r\n    <script>\r\n        tailwind.config = {\r\n            theme: {\r\n                extend: {\r\n                    fontFamily: {\r\n                        CRN: ['Antenna', 'sans-serif']\r\n                    }\r\n                }\r\n            }\r\n        };\r\n    </script>\r\n    <title>Pipeline 2025</title>\r\n</head>\r\n<body class=\"bg-gray-100 font-sans\">\r\n    <header class=\"bg-white shadow p-4 flex justify-between items-center\">\r\n        <button></button>\r\n        <h1 class=\"text-lg font-bold\">Home</h1>\r\n        <button class=\"text-gray-500\">&#x1F514;</button>\r\n    </header>\r\n\r\n    <section class=\"p-4 pb-20\">\r\n        <div class=\"bg-blue-400 text-white rounded-lg p-4 text-center\">\r\n            <img src=\"/getpng?name=Pipeline_2024_Logo.png\" alt=\"Pipeline 2025\" class=\"w-80 mx-auto\">\r\n            <p class=\"mt-2\"></p>\r\n        </div>\r\n\r\n        <div class=\"bg-white rounded-lg shadow mt-4 p-4\">\r\n            <h3 class=\"text-lg font-bold\">Pipeline - Gold Coast, QLD - Aug 15, 2025</h3>\r\n            <p class=\"text-sm text-gray-500 mt-1\">Starting from: 15 August, 2025 - 9:00 AM</p>\r\n            <p class=\"text-sm text-gray-500\">Ending on: 18 August, 2025 - 8:00 PM</p>\r\n        </div>\r\n\r\n        <div class=\"grid grid-cols-2 gap-4 mt-4\">\r\n            <div class=\"bg-blue-100 p-4 rounded-lg\">\r\n                <p class=\"text-sm text-gray-500\">Registrations</p>\r\n                <p class=\"text-2xl font-bold\">16</p>\r\n            </div>\r\n            <div class=\"bg-blue-100 p-4 rounded-lg\">\r\n                <p class=\"text-sm text-gray-500\">Total Check-ins</p>\r\n                <p class=\"text-2xl font-bold\">0</p>\r\n            </div>\r\n            <div class=\"bg-blue-100 p-4 rounded-lg\">\r\n                <p class=\"text-sm text-gray-500\">Session Check-ins</p>\r\n                <p class=\"text-2xl font-bold\">0</p>\r\n            </div>\r\n            <div class=\"bg-blue-100 p-4 rounded-lg\">\r\n                <p class=\"text-sm text-gray-500\">Total Scans</p>\r\n                <p class=\"text-2xl font-bold\">0</p>\r\n            </div>\r\n        </div>\r\n\r\n        <div class=\"grid grid-cols-3 gap-4 mt-4\">\r\n            <button class=\"bg-white shadow p-4 rounded-lg text-center\" onclick=\"location.href='/floorplan'\">\r\n                <span class=\"block text-2xl\">🏛️</span>\r\n                <p class=\"text-sm mt-2\">Floorplan</p>\r\n            </button>\r\n            <button class=\"bg-white shadow p-4 rounded-lg text-center\" onclick=\"location.href='/exhibitors'\">\r\n                <span class=\"block text-2xl\">🏢</span>\r\n                <p class=\"text-sm mt-2\">Exhibitors</p>\r\n            </button>\r\n            <button class=\"bg-white shadow p-4 rounded-lg text-center\" onclick=\"location.href='/attendees'\">\r\n                <span class=\"block text-2xl\">👥</span>\r\n                <p class=\"text-sm mt-2\">Attendees</p>\r\n            </button>\r\n            <button class=\"bg-white shadow p-4 rounded-lg text-center\" onclick=\"location.href='/leaderboard'\">\r\n                <span class=\"block text-2xl\">🛒</span>\r\n                <p class=\"text-sm mt-2\">Awards & Prizes</p>\r\n            </button>\r\n            <button class=\"bg-white shadow p-4 rounded-lg text-center\" onclick=\"location.href='/bookmeeting'\">\r\n                <span class=\"block text-2xl\">📋</span>\r\n                <p class=\"text-sm mt-2\">Meetings</p>\r\n            </button>\r\n            <button class=\"bg-white shadow p-4 rounded-lg text-center\">\r\n                <span class=\"block text-2xl\">✔️</span>\r\n                <p class=\"text-sm mt-2\">Pipeline TV</p>\r\n            </button>\r\n        </div>\r\n    </section>\r\n\r\n    <nav class=\"fixed bottom-0 left-0 w-full bg-white shadow p-4 flex justify-around\">\r\n        <a href=\"/\" class=\"text-gray-500\">Home</a>\r\n        <a href=\"/agenda\" class=\"text-gray-500\">Agenda</a>\r\n        <a href=\"#\" id=\"qrLink\" class=\"bg-blue-500 text-white p-2 rounded-full\">QR</a>\r\n        <a href=\"/attendees\" class=\"text-gray-500\">Attendees</a>\r\n        <a href=\"#\" class=\"text-gray-500\">Menu</a>\r\n    </nav>\r\n\r\n    <!-- Modal -->\r\n    <div id=\"qrModal\" class=\"hidden fixed inset-0 bg-black bg-opacity-50 flex items-center justify-center z-50\">\r\n        <div class=\"bg-white rounded-lg p-6 shadow-lg flex flex-col items-center\">\r\n            <h2 class=\"text-lg font-bold mb-4 text-center\">Scan the QR Code</h2>\r\n            <div id=\"qrcodeContainer\" class=\"mb-4 flex justify-center items-center\"></div>\r\n            <button id=\"closeModal\" class=\"bg-blue-500 text-white px-4 py-2 rounded mx-auto block\">\r\n                Close\r\n            </button>\r\n        </div>\r\n    </div>\r\n\r\n    <script>\r\n        document.addEventListener('DOMContentLoaded', () => {\r\n            const qrLink = document.getElementById('qrLink');\r\n            const qrModal = document.getElementById('qrModal');\r\n            const closeModal = document.getElementById('closeModal');\r\n            const qrCodeContainer = document.getElementById('qrcodeContainer');\r\n\r\n            const qrCodeURL = \"https://your-choice-link.com\"; // Replace with your desired link\r\n\r\n            qrLink.addEventListener('click', (e) => {\r\n                e.preventDefault();\r\n                qrModal.classList.remove('hidden');\r\n\r\n                // Clear existing QR code\r\n                qrCodeContainer.innerHTML = '';\r\n\r\n                // Create canvas for QR code\r\n                const canvas = document.createElement('canvas');\r\n                qrCodeContainer.appendChild(canvas);\r\n\r\n                // Generate QR code on the canvas\r\n                QRCode.toCanvas(canvas, qrCodeURL, { width: 128 }, (error) => {\r\n                    if (error) console.error(error);\r\n                });\r\n            });\r\n\r\n            closeModal.addEventListener('click', () => {\r\n                qrModal.classList.add('hidden');\r\n            });\r\n\r\n            qrModal.addEventListener('click', (e) => {\r\n                if (e.target === qrModal) {\r\n                    qrModal.classList.add('hidden');\r\n                }\r\n            });\r\n        });\r\n    </script>\r\n</body>\r\n</html>"}},{"$id":"967","name":"ContentType","expressions":{"$id":"968","Literal":"text/html"}},{"$id":"969","name":"StatusCode","expressions":{"$id":"970","Literal":"OK"}},{"$id":"971","name":"CharSet","expressions":{"$id":"972","Literal":"utf-8"}},{"$id":"973","name":"ResponseHeaders","expressions":{"$id":"974"}}],"propertyStorageProviders":{"$id":"975"}},{"$id":"976","activityId":"18dbd972-01eb-4a9e-8883-35f371a67df3","type":"HttpEndpoint","displayName":"GET /home","x":80,"y":280,"persistWorkflow":false,"loadWorkflowContext":false,"saveWorkflowContext":false,"properties":[{"$id":"977","name":"Path","expressions":{"$id":"978","Literal":"/home"}},{"$id":"979","name":"Methods","expressions":{"$id":"980","Json":"[\"GET\"]"}},{"$id":"981","name":"ReadContent","expressions":{"$id":"982"}},{"$id":"983","name":"TargetType","expressions":{"$id":"984"}},{"$id":"985","name":"Schema","syntax":"Literal","expressions":{"$id":"986","Literal":""}},{"$id":"987","name":"Authorize","expressions":{"$id":"988"}},{"$id":"989","name":"Policy","expressions":{"$id":"990"}},{"$id":"991","name":"AuthorizeWithCustomHeader","expressions":{"$id":"992"}},{"$id":"993","name":"CustomHeaderName","expressions":{"$id":"994"}},{"$id":"995","name":"CustomHeaderValue","expressions":{"$id":"996"}}],"propertyStorageProviders":{"$id":"997"}},{"$id":"998","activityId":"9ba06d87-f889-46a7-aca0-f29b44c42fa0","type":"HttpEndpoint","displayName":"GET /manifest.json","x":80,"y":500,"persistWorkflow":false,"loadWorkflowContext":false,"saveWorkflowContext":false,"properties":[{"$id":"999","name":"Path","expressions":{"$id":"1000","Literal":"/manifest.json"}},{"$id":"1001","name":"Methods","expressions":{"$id":"1002","Json":"[\"GET\"]"}},{"$id":"1003","name":"ReadContent","expressions":{"$id":"1004"}},{"$id":"1005","name":"TargetType","expressions":{"$id":"1006"}},{"$id":"1007","name":"Schema","syntax":"Literal","expressions":{"$id":"1008","Literal":""}},{"$id":"1009","name":"Authorize","expressions":{"$id":"1010"}},{"$id":"1011","name":"Policy","expressions":{"$id":"1012"}},{"$id":"1013","name":"AuthorizeWithCustomHeader","expressions":{"$id":"1014"}},{"$id":"1015","name":"CustomHeaderName","expressions":{"$id":"1016"}},{"$id":"1017","name":"CustomHeaderValue","expressions":{"$id":"1018"}}],"propertyStorageProviders":{"$id":"1019"}},{"$id":"1020","activityId":"c94fccaa-1c33-4d5f-af26-bf3b4ec95921","type":"WriteHttpResponse","displayName":"HTTP Response","x":540,"y":500,"persistWorkflow":false,"loadWorkflowContext":false,"saveWorkflowContext":false,"properties":[{"$id":"1021","name":"Content","syntax":"Liquid","expressions":{"$id":"1022","Liquid":"{\r\n  \"name\": \"Pipeline 2025\",\r\n  \"short_name\": \"Pipeline 2025\",\r\n  \"start_url\": \"/\",\r\n  \"display\": \"standalone\",\r\n  \"background_color\": \"#0099d8\",\r\n  \"theme_color\": \"#0b4194\",\r\n  \"icons\": [\r\n    {\r\n      \"src\": \"/getpng?name=192x192.png\",\r\n      \"sizes\": \"192x192\",\r\n      \"type\": \"image/png\"\r\n    },\r\n    {\r\n      \"src\": \"/getpng?name=512x512.png\",\r\n      \"sizes\": \"512x512\",\r\n      \"type\": \"image/png\"\r\n    }\r\n  ]\r\n}"}},{"$id":"1023","name":"ContentType","expressions":{"$id":"1024","Literal":"application/json"}},{"$id":"1025","name":"StatusCode","expressions":{"$id":"1026","Literal":"OK"}},{"$id":"1027","name":"CharSet","expressions":{"$id":"1028","Literal":"utf-8"}},{"$id":"1029","name":"ResponseHeaders","expressions":{"$id":"1030"}}],"propertyStorageProviders":{"$id":"1031"}}],"connections":[{"$id":"1032","sourceActivityId":"0604d27e-7c11-4184-8cf1-b826147ef955","targetActivityId":"a417a471-34fc-45d7-99fc-d0769d66354d","outcome":"Done"},{"$id":"1033","sourceActivityId":"18dbd972-01eb-4a9e-8883-35f371a67df3","targetActivityId":"a417a471-34fc-45d7-99fc-d0769d66354d","outcome":"Done"},{"$id":"1034","sourceActivityId":"9ba06d87-f889-46a7-aca0-f29b44c42fa0","targetActivityId":"c94fccaa-1c33-4d5f-af26-bf3b4ec95921","outcome":"Done"}],"id":"0eccb975d88c4548b5e0eaecb122e8af"}