{"$id":"1035","definitionId":"0264b606636a4fc39998aa56fed9b66f","versionId":"f2719ffd6d514b6180a1e1cf7990f479","name":"UI-Leaderboard","version":1,"variables":{"$id":"1036","data":{}},"customAttributes":{"$id":"1037","data":{}},"isSingleton":false,"persistenceBehavior":"WorkflowBurst","deleteCompletedInstances":false,"isPublished":true,"isLatest":true,"createdAt":"2025-03-12T11:58:06.9948732Z","activities":[{"$id":"1038","activityId":"5b13adf2-20dc-4204-af12-b16dd8463b67","type":"HttpEndpoint","displayName":"GET /leaderboard","x":64,"y":64,"persistWorkflow":false,"loadWorkflowContext":false,"saveWorkflowContext":false,"properties":[{"$id":"1039","name":"Path","expressions":{"$id":"1040","Literal":"/leaderboard"}},{"$id":"1041","name":"Methods","expressions":{"$id":"1042","Json":"[\"GET\"]"}},{"$id":"1043","name":"ReadContent","expressions":{"$id":"1044"}},{"$id":"1045","name":"TargetType","expressions":{"$id":"1046"}},{"$id":"1047","name":"Schema","syntax":"Literal","expressions":{"$id":"1048","Literal":""}},{"$id":"1049","name":"Authorize","expressions":{"$id":"1050"}},{"$id":"1051","name":"Policy","expressions":{"$id":"1052"}},{"$id":"1053","name":"AuthorizeWithCustomHeader","expressions":{"$id":"1054"}},{"$id":"1055","name":"CustomHeaderName","expressions":{"$id":"1056"}},{"$id":"1057","name":"CustomHeaderValue","expressions":{"$id":"1058"}}],"propertyStorageProviders":{"$id":"1059"}},{"$id":"1060","activityId":"1de8527d-ec56-4d8f-a0a0-e746fb26b6f3","type":"WriteHttpResponse","displayName":"HTTP Response","x":420,"y":280,"persistWorkflow":false,"loadWorkflowContext":false,"saveWorkflowContext":false,"properties":[{"$id":"1061","name":"Content","syntax":"Liquid","expressions":{"$id":"1062","Liquid":"<!DOCTYPE html>\r\n<html lang=\"en\">\r\n<head>\r\n    <meta charset=\"UTF-8\">\r\n    <meta name=\"viewport\" content=\"width=device-width, initial-scale=1.0\">\r\n    <script src=\"https://cdn.tailwindcss.com\"></script>\r\n    <title>Leaderboard</title>\r\n    <style>\r\n        .highlight {\r\n            background-color: rgba(0, 123, 255, 0.1);\r\n        }\r\n    </style>\r\n</head>\r\n<body class=\"bg-gray-100 font-sans\">\r\n    <header class=\"bg-white shadow p-4 flex justify-between items-center\">\r\n        <button class=\"text-gray-500\" onclick=\"location.href='/'\">&larr;</button>\r\n        <h1 class=\"text-lg font-bold\">Leaderboard</h1>\r\n        <button class=\"text-gray-500\">&#x1F514;</button>\r\n    </header>\r\n\r\n    <section class=\"p-4\">\r\n        <div class=\"bg-blue-700 text-white rounded-lg p-4 text-center\">\r\n            <h2 class=\"text-xl font-bold\">Leaderboard</h2>\r\n            <p class=\"mt-2\">Track your engagement and activity points.</p>\r\n        </div>\r\n\r\n        <table class=\"mt-4 w-full bg-white rounded-lg shadow\">\r\n            <thead class=\"bg-blue-500 text-white\">\r\n                <tr>\r\n                    <th class=\"p-2 text-left\">Rank</th>\r\n                    <th class=\"p-2 text-left\">Name</th>\r\n                    <th class=\"p-2 text-left\">Points</th>\r\n                </tr>\r\n            </thead>\r\n            <tbody id=\"leaderboardBody\" class=\"text-gray-700\">\r\n                <!-- Leaderboard entries will be populated dynamically -->\r\n            </tbody>\r\n        </table>\r\n    </section>\r\n\r\n    <script>\r\n        const leaderboardData = [\r\n            { rank: 1, name: \"Alice Anderson\", points: 1200 },\r\n            { rank: 2, name: \"Bob Brown\", points: 1150 },\r\n            { rank: 3, name: \"Charlie Clark\", points: 1100 },\r\n            { rank: 4, name: \"Debbie Downer\", points: 1050 },\r\n            { rank: 5, name: \"Edward Evans\", points: 1000 }\r\n        ];\r\n\r\n        function populateLeaderboard() {\r\n            const leaderboardBody = document.getElementById(\"leaderboardBody\");\r\n            leaderboardBody.innerHTML = \"\";\r\n\r\n            leaderboardData.forEach((entry, index) => {\r\n                const row = document.createElement(\"tr\");\r\n                row.className = index % 2 === 0 ? \"highlight\" : \"\";\r\n\r\n                row.innerHTML = `\r\n                    <td class=\"p-2\">${entry.rank}</td>\r\n                    <td class=\"p-2\">${entry.name}</td>\r\n                    <td class=\"p-2\">${entry.points}</td>\r\n                `;\r\n\r\n                leaderboardBody.appendChild(row);\r\n            });\r\n        }\r\n\r\n        document.addEventListener(\"DOMContentLoaded\", populateLeaderboard);\r\n    </script>\r\n\r\n    <nav class=\"fixed bottom-0 left-0 w-full bg-white shadow p-4 flex justify-around\">\r\n        <a href=\"/\"\" class=\"text-gray-500\">Home</a>\r\n        <a href=\"/agenda\" class=\"text-gray-500\">Agenda</a>\r\n        <a href=\"#\" class=\"bg-blue-500 text-white p-2 rounded-full\">QR</a>\r\n        <a href=\"/attendees\" class=\"text-gray-500\">Attendees</a>\r\n        <a href=\"#\" class=\"text-gray-500\">Menu</a>\r\n    </nav>\r\n</body>\r\n</html>\r\n"}},{"$id":"1063","name":"ContentType","expressions":{"$id":"1064","Literal":"text/html"}},{"$id":"1065","name":"StatusCode","expressions":{"$id":"1066","Literal":"OK"}},{"$id":"1067","name":"CharSet","expressions":{"$id":"1068","Literal":"utf-8"}},{"$id":"1069","name":"ResponseHeaders","expressions":{"$id":"1070"}}],"propertyStorageProviders":{"$id":"1071"}}],"connections":[{"$id":"1072","sourceActivityId":"5b13adf2-20dc-4204-af12-b16dd8463b67","targetActivityId":"1de8527d-ec56-4d8f-a0a0-e746fb26b6f3","outcome":"Done"}],"id":"f2719ffd6d514b6180a1e1cf7990f479"}