{"$id":"1073","definitionId":"414db39600624b358b86170c55c65eb1","versionId":"8f8b4c99c50b44bfac305fc584d14348","name":"UI-Login","displayName":"UI-Login","version":1,"variables":{"$id":"1074","data":{}},"customAttributes":{"$id":"1075","data":{}},"isSingleton":false,"persistenceBehavior":"WorkflowBurst","deleteCompletedInstances":false,"isPublished":true,"isLatest":true,"createdAt":"2025-03-12T11:58:07.0288629Z","activities":[{"$id":"1076","activityId":"8cf56ca1-0470-404b-aae9-1db1d9dc2b63","type":"HttpEndpoint","displayName":"GET /login","x":64,"y":64,"persistWorkflow":false,"loadWorkflowContext":false,"saveWorkflowContext":false,"properties":[{"$id":"1077","name":"Path","expressions":{"$id":"1078","Literal":"/login"}},{"$id":"1079","name":"Methods","expressions":{"$id":"1080","Json":"[\"GET\"]"}},{"$id":"1081","name":"ReadContent","expressions":{"$id":"1082"}},{"$id":"1083","name":"TargetType","expressions":{"$id":"1084"}},{"$id":"1085","name":"Schema","syntax":"Literal","expressions":{"$id":"1086","Literal":""}},{"$id":"1087","name":"Authorize","expressions":{"$id":"1088"}},{"$id":"1089","name":"Policy","expressions":{"$id":"1090"}},{"$id":"1091","name":"AuthorizeWithCustomHeader","expressions":{"$id":"1092"}},{"$id":"1093","name":"CustomHeaderName","expressions":{"$id":"1094"}},{"$id":"1095","name":"CustomHeaderValue","expressions":{"$id":"1096"}}],"propertyStorageProviders":{"$id":"1097"}},{"$id":"1098","activityId":"ffbc6354-c25e-4190-ab26-1b535d1ed651","type":"WriteHttpResponse","displayName":"HTTP Response","x":520,"y":200,"persistWorkflow":false,"loadWorkflowContext":false,"saveWorkflowContext":false,"properties":[{"$id":"1099","name":"Content","syntax":"Liquid","expressions":{"$id":"1100","Liquid":"<!DOCTYPE html>\r\n<html lang=\"en\">\r\n<head>\r\n  <meta charset=\"UTF-8\">\r\n  <meta name=\"viewport\" content=\"width=device-width, initial-scale=1.0\">\r\n  <title>Conference App Login</title>\r\n  <style>\r\n    body {\r\n      font-family: Arial, sans-serif;\r\n      margin: 0;\r\n      padding: 20px;\r\n    }\r\n    .container {\r\n      max-width: 400px;\r\n      margin: 0 auto;\r\n    }\r\n    .input-group {\r\n      margin-bottom: 15px;\r\n    }\r\n    label {\r\n      display: block;\r\n      margin-bottom: 5px;\r\n    }\r\n    input {\r\n      width: 100%;\r\n      padding: 10px;\r\n      box-sizing: border-box;\r\n    }\r\n    button {\r\n      width: 100%;\r\n      padding: 10px;\r\n      background-color: #007bff;\r\n      color: white;\r\n      border: none;\r\n      cursor: pointer;\r\n    }\r\n    button:disabled {\r\n      background-color: #cccccc;\r\n    }\r\n  </style>\r\n</head>\r\n<body>\r\n  <div class=\"container\">\r\n    <h1>Login</h1>\r\n    <div class=\"input-group\">\r\n      <label for=\"email\">Email:</label>\r\n      <input type=\"email\" id=\"email\" placeholder=\"Enter your email\" required>\r\n    </div>\r\n   \r\n    <button id=\"send-otp\">Send OTP</button>\r\n\r\n    <div id=\"otp-section\" style=\"display: none;\">\r\n      <div class=\"input-group\">\r\n        <label for=\"otp\">OTP:</label>\r\n        <input type=\"text\" id=\"otp\" placeholder=\"Enter the OTP\" required>\r\n      </div>\r\n      <button id=\"validate-otp\">Validate OTP</button>\r\n    </div>\r\n  </div>\r\n\r\n  <script src=\"login.js\"></script>\r\n</body>\r\n</html>\r\n"}},{"$id":"1101","name":"ContentType","expressions":{"$id":"1102","Literal":"text/html"}},{"$id":"1103","name":"StatusCode","expressions":{"$id":"1104","Literal":"OK"}},{"$id":"1105","name":"CharSet","expressions":{"$id":"1106","Literal":"utf-8"}},{"$id":"1107","name":"ResponseHeaders","expressions":{"$id":"1108"}}],"propertyStorageProviders":{"$id":"1109"}},{"$id":"1110","activityId":"8697180c-d2ed-4bad-a96b-85fa2ec58467","type":"HttpEndpoint","displayName":"GET /login.js","x":60,"y":340,"persistWorkflow":false,"loadWorkflowContext":false,"saveWorkflowContext":false,"properties":[{"$id":"1111","name":"Path","expressions":{"$id":"1112","Literal":"/login.js"}},{"$id":"1113","name":"Methods","expressions":{"$id":"1114","Json":"[\"GET\"]"}},{"$id":"1115","name":"ReadContent","expressions":{"$id":"1116"}},{"$id":"1117","name":"TargetType","expressions":{"$id":"1118"}},{"$id":"1119","name":"Schema","syntax":"Literal","expressions":{"$id":"1120","Literal":""}},{"$id":"1121","name":"Authorize","expressions":{"$id":"1122"}},{"$id":"1123","name":"Policy","expressions":{"$id":"1124"}},{"$id":"1125","name":"AuthorizeWithCustomHeader","expressions":{"$id":"1126"}},{"$id":"1127","name":"CustomHeaderName","expressions":{"$id":"1128"}},{"$id":"1129","name":"CustomHeaderValue","expressions":{"$id":"1130"}}],"propertyStorageProviders":{"$id":"1131"}},{"$id":"1132","activityId":"93a0d952-1a27-408d-8411-58c0b9e20a0b","type":"WriteHttpResponse","displayName":"HTTP Response","x":500,"y":420,"persistWorkflow":false,"loadWorkflowContext":false,"saveWorkflowContext":false,"properties":[{"$id":"1133","name":"Content","syntax":"Liquid","expressions":{"$id":"1134","Liquid":"const sendOtpButton = document.getElementById('send-otp');\r\nconst validateOtpButton = document.getElementById('validate-otp');\r\nconst emailInput = document.getElementById('email');\r\nconst otpInput = document.getElementById('otp');\r\nconst otpSection = document.getElementById('otp-section');\r\n\r\nsendOtpButton.addEventListener('click', async () => {\r\n  const email = emailInput.value;\r\n\r\n  if (!email) {\r\n    alert('Please provide email address.');\r\n    return;\r\n  }\r\n\r\n  try {\r\n    const response = await fetch('/api/auth/send-otp', {\r\n      method: 'POST',\r\n      headers: { 'Content-Type': 'application/json' },\r\n      body: JSON.stringify({ email }),\r\n    });\r\n\r\n    if (response.ok) {\r\n      //alert('OTP sent to your phone.');\r\n      otpSection.style.display = 'block';\r\n    } else {\r\n      alert('Failed to send OTP. Please try again.');\r\n    }\r\n  } catch (error) {\r\n    console.error('Error sending OTP:', error);\r\n    alert('An error occurred. Please try again.');\r\n  }\r\n});\r\n\r\nvalidateOtpButton.addEventListener('click', async () => {\r\n  const email = emailInput.value;\r\n  const otp = otpInput.value;\r\n\r\n  if (!otp) {\r\n    alert('Please enter the OTP.');\r\n    return;\r\n  }\r\n\r\n  try {\r\n    const response = await fetch('/api/auth/validate-otp', {\r\n      method: 'POST',\r\n      headers: { 'Content-Type': 'application/json' },\r\n      body: JSON.stringify({ email, otp }),\r\n    });\r\n\r\n    if (response.ok) {\r\n      //alert('Login successful!');\r\n      window.location.href = '/'; // Redirect to the dashboard\r\n    } else {\r\n      alert('Invalid OTP. Please try again.');\r\n    }\r\n  } catch (error) {\r\n    console.error('Error validating OTP:', error);\r\n    alert('An error occurred. Please try again.');\r\n  }\r\n});\r\n"}},{"$id":"1135","name":"ContentType","syntax":"Literal","expressions":{"$id":"1136","Literal":"text/javascript"}},{"$id":"1137","name":"StatusCode","expressions":{"$id":"1138","Literal":"OK"}},{"$id":"1139","name":"CharSet","expressions":{"$id":"1140","Literal":"utf-8"}},{"$id":"1141","name":"ResponseHeaders","expressions":{"$id":"1142"}}],"propertyStorageProviders":{"$id":"1143"}},{"$id":"1144","activityId":"aa4276f6-ea15-41c5-a107-afff1c1dd9d6","type":"HttpEndpoint","displayName":"POST /api/auth/send-otp","x":60,"y":560,"persistWorkflow":false,"loadWorkflowContext":false,"saveWorkflowContext":false,"properties":[{"$id":"1145","name":"Path","expressions":{"$id":"1146","Literal":"/api/auth/send-otp"}},{"$id":"1147","name":"Methods","expressions":{"$id":"1148","Json":"[\"POST\"]"}},{"$id":"1149","name":"ReadContent","expressions":{"$id":"1150","Literal":"true"}},{"$id":"1151","name":"TargetType","expressions":{"$id":"1152"}},{"$id":"1153","name":"Schema","syntax":"Literal","expressions":{"$id":"1154","Literal":""}},{"$id":"1155","name":"Authorize","expressions":{"$id":"1156"}},{"$id":"1157","name":"Policy","expressions":{"$id":"1158"}},{"$id":"1159","name":"AuthorizeWithCustomHeader","expressions":{"$id":"1160"}},{"$id":"1161","name":"CustomHeaderName","expressions":{"$id":"1162"}},{"$id":"1163","name":"CustomHeaderValue","expressions":{"$id":"1164"}}],"propertyStorageProviders":{"$id":"1165"}},{"$id":"1166","activityId":"d7529069-be0e-4683-8c8f-346ab573d75a","type":"WriteHttpResponse","displayName":"HTTP Response","x":520,"y":600,"persistWorkflow":false,"loadWorkflowContext":false,"saveWorkflowContext":false,"properties":[{"$id":"1167","name":"Content","expressions":{"$id":"1168"}},{"$id":"1169","name":"ContentType","expressions":{"$id":"1170","Literal":"text/plain"}},{"$id":"1171","name":"StatusCode","expressions":{"$id":"1172","Literal":"OK"}},{"$id":"1173","name":"CharSet","expressions":{"$id":"1174","Literal":"utf-8"}},{"$id":"1175","name":"ResponseHeaders","expressions":{"$id":"1176"}}],"propertyStorageProviders":{"$id":"1177"}},{"$id":"1178","activityId":"336df2c4-f1c1-4b71-b745-e8863c833864","type":"HttpEndpoint","displayName":"POST /api/auth/validate-otp","x":60,"y":800,"persistWorkflow":false,"loadWorkflowContext":false,"saveWorkflowContext":false,"properties":[{"$id":"1179","name":"Path","expressions":{"$id":"1180","Literal":"/api/auth/validate-otp"}},{"$id":"1181","name":"Methods","expressions":{"$id":"1182","Json":"[\"POST\"]"}},{"$id":"1183","name":"ReadContent","expressions":{"$id":"1184","Literal":"true"}},{"$id":"1185","name":"TargetType","expressions":{"$id":"1186"}},{"$id":"1187","name":"Schema","syntax":"Literal","expressions":{"$id":"1188","Literal":""}},{"$id":"1189","name":"Authorize","expressions":{"$id":"1190"}},{"$id":"1191","name":"Policy","expressions":{"$id":"1192"}},{"$id":"1193","name":"AuthorizeWithCustomHeader","expressions":{"$id":"1194"}},{"$id":"1195","name":"CustomHeaderName","expressions":{"$id":"1196"}},{"$id":"1197","name":"CustomHeaderValue","expressions":{"$id":"1198"}}],"propertyStorageProviders":{"$id":"1199"}},{"$id":"1200","activityId":"d0722bf2-63a0-4b38-87ee-7ea82a3b4869","type":"Redirect","displayName":"Redirect","x":540,"y":840,"persistWorkflow":false,"loadWorkflowContext":false,"saveWorkflowContext":false,"properties":[{"$id":"1201","name":"Location","expressions":{"$id":"1202","Literal":"/home"}},{"$id":"1203","name":"Permanent","expressions":{"$id":"1204"}}],"propertyStorageProviders":{"$id":"1205"}}],"connections":[{"$id":"1206","sourceActivityId":"8cf56ca1-0470-404b-aae9-1db1d9dc2b63","targetActivityId":"ffbc6354-c25e-4190-ab26-1b535d1ed651","outcome":"Done"},{"$id":"1207","sourceActivityId":"8697180c-d2ed-4bad-a96b-85fa2ec58467","targetActivityId":"93a0d952-1a27-408d-8411-58c0b9e20a0b","outcome":"Done"},{"$id":"1208","sourceActivityId":"aa4276f6-ea15-41c5-a107-afff1c1dd9d6","targetActivityId":"d7529069-be0e-4683-8c8f-346ab573d75a","outcome":"Done"},{"$id":"1209","sourceActivityId":"336df2c4-f1c1-4b71-b745-e8863c833864","targetActivityId":"d0722bf2-63a0-4b38-87ee-7ea82a3b4869","outcome":"Done"}],"id":"8f8b4c99c50b44bfac305fc584d14348"}