{"$id":"1210","definitionId":"b5c8e72a3f1e45589add124678cc239b","versionId":"909ee8d9357b47e0875e5d17e6d243b5","name":"UI-MeetingBooker","version":1,"variables":{"$id":"1211","data":{}},"customAttributes":{"$id":"1212","data":{}},"isSingleton":false,"persistenceBehavior":"WorkflowBurst","deleteCompletedInstances":false,"isPublished":true,"isLatest":true,"createdAt":"2025-03-12T11:58:07.0865693Z","activities":[{"$id":"1213","activityId":"94174fdb-ef81-4aab-92e6-304fcbaa0f02","type":"HttpEndpoint","displayName":"GET /bookmeeting","x":64,"y":64,"persistWorkflow":false,"loadWorkflowContext":false,"saveWorkflowContext":false,"properties":[{"$id":"1214","name":"Path","expressions":{"$id":"1215","Literal":"/bookmeeting"}},{"$id":"1216","name":"Methods","expressions":{"$id":"1217","Json":"[\"GET\"]"}},{"$id":"1218","name":"ReadContent","expressions":{"$id":"1219"}},{"$id":"1220","name":"TargetType","expressions":{"$id":"1221"}},{"$id":"1222","name":"Schema","syntax":"Literal","expressions":{"$id":"1223","Literal":""}},{"$id":"1224","name":"Authorize","expressions":{"$id":"1225"}},{"$id":"1226","name":"Policy","expressions":{"$id":"1227"}},{"$id":"1228","name":"AuthorizeWithCustomHeader","expressions":{"$id":"1229"}},{"$id":"1230","name":"CustomHeaderName","expressions":{"$id":"1231"}},{"$id":"1232","name":"CustomHeaderValue","expressions":{"$id":"1233"}}],"propertyStorageProviders":{"$id":"1234"}},{"$id":"1235","activityId":"fd89b9e7-ad6b-4a32-bc18-c4fd1f6a69f3","type":"WriteHttpResponse","displayName":"HTTP Response","x":440,"y":240,"persistWorkflow":false,"loadWorkflowContext":false,"saveWorkflowContext":false,"properties":[{"$id":"1236","name":"Content","syntax":"Liquid","expressions":{"$id":"1237","Liquid":"<!DOCTYPE html>\r\n<html lang=\"en\">\r\n<head>\r\n    <meta charset=\"UTF-8\">\r\n    <meta name=\"viewport\" content=\"width=device-width, initial-scale=1.0\">\r\n    <script src=\"https://cdn.tailwindcss.com\"></script>\r\n    <title>Book a Meeting</title>\r\n</head>\r\n<body class=\"bg-gray-100 font-sans\">\r\n    <header class=\"bg-white shadow p-4 flex justify-between items-center\">\r\n        <button class=\"text-gray-500\" onclick=\"href.location='/'\">&larr;</button>\r\n        <h1 class=\"text-lg font-bold\">Book a Meeting</h1>\r\n        <button class=\"text-gray-500\">&#x1F514;</button>\r\n    </header>\r\n\r\n    <section class=\"p-4 pb-20\">\r\n        <div class=\"bg-blue-700 text-white rounded-lg p-4 text-center\">\r\n            <h2 class=\"text-xl font-bold\">Book a Meeting</h2>\r\n            <p class=\"mt-2\">Select a 15-minute time slot to schedule your meeting.</p>\r\n        </div>\r\n\r\n        <div class=\"mt-4 bg-white rounded-lg shadow p-4\">\r\n            <h3 class=\"text-lg font-bold\">Available Slots</h3>\r\n            <div id=\"schedule\" class=\"grid grid-cols-1 sm:grid-cols-2 md:grid-cols-3 gap-4 mt-2\">\r\n                <!-- Time slots will be populated dynamically -->\r\n            </div>\r\n        </div>\r\n    </section>\r\n\r\n    <script>\r\n        const timeSlots = [\r\n            \"09:00 AM\", \"09:15 AM\", \"09:30 AM\", \"09:45 AM\",\r\n            \"10:00 AM\", \"10:15 AM\", \"10:30 AM\", \"10:45 AM\",\r\n            \"11:00 AM\", \"11:15 AM\", \"11:30 AM\", \"11:45 AM\",\r\n            \"01:00 PM\", \"01:15 PM\", \"01:30 PM\", \"01:45 PM\",\r\n            \"02:00 PM\", \"02:15 PM\", \"02:30 PM\", \"02:45 PM\",\r\n            \"03:00 PM\", \"03:15 PM\", \"03:30 PM\", \"03:45 PM\"\r\n        ];\r\n\r\n        function populateSchedule() {\r\n            const schedule = document.getElementById(\"schedule\");\r\n            timeSlots.forEach(slot => {\r\n                const slotElement = document.createElement(\"button\");\r\n                slotElement.textContent = slot;\r\n                slotElement.className = \"p-2 bg-blue-500 text-white rounded hover:bg-blue-600 focus:outline-none focus:ring-2 focus:ring-blue-700\";\r\n                slotElement.onclick = () => bookSlot(slot);\r\n                schedule.appendChild(slotElement);\r\n            });\r\n        }\r\n\r\n        function bookSlot(slot) {\r\n            const icsContent = `BEGIN:VCALENDAR\\nVERSION:2.0\\nBEGIN:VEVENT\\nSUMMARY:Scheduled Meeting\\nDTSTART;TZID=America/New_York:${formatICS(slot)}\\nDTEND;TZID=America/New_York:${formatICS(addMinutes(slot, 15))}\\nDESCRIPTION:Meeting Scheduled\\nEND:VEVENT\\nEND:VCALENDAR`;\r\n\r\n            const blob = new Blob([icsContent], { type: \"text/calendar\" });\r\n            const link = document.createElement(\"a\");\r\n            link.href = URL.createObjectURL(blob);\r\n            link.download = \"meeting.ics\";\r\n            link.click();\r\n        }\r\n\r\n        function formatICS(slot) {\r\n            const [time, period] = slot.split(\" \");\r\n            const [hour, minute] = time.split(\":\");\r\n            let hour24 = parseInt(hour);\r\n\r\n            if (period === \"PM\" && hour24 !== 12) {\r\n                hour24 += 12;\r\n            } else if (period === \"AM\" && hour24 === 12) {\r\n                hour24 = 0;\r\n            }\r\n\r\n            const now = new Date();\r\n            const year = now.getFullYear();\r\n            const month = String(now.getMonth() + 1).padStart(2, \"0\");\r\n            const day = String(now.getDate()).padStart(2, \"0\");\r\n\r\n            return `${year}${month}${day}T${String(hour24).padStart(2, \"0\")}${minute}00`;\r\n        }\r\n\r\n        function addMinutes(slot, minutes) {\r\n            const [time, period] = slot.split(\" \");\r\n            let [hour, minute] = time.split(\":\");\r\n            hour = parseInt(hour);\r\n            minute = parseInt(minute);\r\n\r\n            if (period === \"PM\" && hour !== 12) {\r\n                hour += 12;\r\n            } else if (period === \"AM\" && hour === 12) {\r\n                hour = 0;\r\n            }\r\n\r\n            const date = new Date();\r\n            date.setHours(hour);\r\n            date.setMinutes(minute);\r\n            date.setSeconds(0);\r\n            date.setMilliseconds(0);\r\n\r\n            date.setMinutes(date.getMinutes() + minutes);\r\n\r\n            return `${String(date.getHours()).padStart(2, \"0\")}:${String(date.getMinutes()).padStart(2, \"0\")}`;\r\n        }\r\n\r\n        document.addEventListener(\"DOMContentLoaded\", populateSchedule);\r\n    </script>\r\n\r\n    <nav class=\"fixed bottom-0 left-0 w-full bg-white shadow p-4 flex justify-around\">\r\n        <a href=\"/\" class=\"text-gray-500\">Home</a>\r\n        <a href=\"/agenda\" class=\"text-gray-500\">Agenda</a>\r\n        <a href=\"#\" class=\"bg-blue-500 text-white p-2 rounded-full\">QR</a>\r\n        <a href=\"/attendees\" class=\"text-gray-500\">Attendees</a>\r\n        <a href=\"#\" class=\"text-gray-500\">Menu</a>\r\n    </nav>\r\n</body>\r\n</html>\r\n"}},{"$id":"1238","name":"ContentType","expressions":{"$id":"1239","Literal":"text/html"}},{"$id":"1240","name":"StatusCode","expressions":{"$id":"1241","Literal":"OK"}},{"$id":"1242","name":"CharSet","expressions":{"$id":"1243","Literal":"utf-8"}},{"$id":"1244","name":"ResponseHeaders","expressions":{"$id":"1245"}}],"propertyStorageProviders":{"$id":"1246"}}],"connections":[{"$id":"1247","sourceActivityId":"94174fdb-ef81-4aab-92e6-304fcbaa0f02","targetActivityId":"fd89b9e7-ad6b-4a32-bc18-c4fd1f6a69f3","outcome":"Done"}],"id":"909ee8d9357b47e0875e5d17e6d243b5"}