{"$id":"1286","definitionId":"2ffc13376ae74293bcd46f48659619f3","versionId":"18ef552aaa5e453baa65e47cb133eb2b","name":"UI-SponsorDetails","version":1,"variables":{"$id":"1287","data":{}},"customAttributes":{"$id":"1288","data":{}},"isSingleton":false,"persistenceBehavior":"WorkflowBurst","deleteCompletedInstances":false,"isPublished":false,"isLatest":true,"createdAt":"2025-03-12T11:58:07.1599009Z","activities":[{"$id":"1289","activityId":"528b8cae-2754-45f0-a409-86b7ec109c3f","type":"HttpEndpoint","displayName":"GET /sponsordetails","x":64,"y":64,"persistWorkflow":false,"loadWorkflowContext":false,"saveWorkflowContext":false,"properties":[{"$id":"1290","name":"Path","expressions":{"$id":"1291","Literal":"/sponsordetails"}},{"$id":"1292","name":"Methods","expressions":{"$id":"1293","Json":"[\"GET\"]"}},{"$id":"1294","name":"ReadContent","expressions":{"$id":"1295"}},{"$id":"1296","name":"TargetType","expressions":{"$id":"1297"}},{"$id":"1298","name":"Schema","syntax":"Literal","expressions":{"$id":"1299","Literal":""}},{"$id":"1300","name":"Authorize","expressions":{"$id":"1301"}},{"$id":"1302","name":"Policy","expressions":{"$id":"1303"}},{"$id":"1304","name":"AuthorizeWithCustomHeader","expressions":{"$id":"1305"}},{"$id":"1306","name":"CustomHeaderName","expressions":{"$id":"1307"}},{"$id":"1308","name":"CustomHeaderValue","expressions":{"$id":"1309"}}],"propertyStorageProviders":{"$id":"1310"}},{"$id":"1311","activityId":"70d95115-ed4e-46ba-8851-61de15d97044","type":"WriteHttpResponse","displayName":"HTTP Response","x":520,"y":240,"persistWorkflow":false,"loadWorkflowContext":false,"saveWorkflowContext":false,"properties":[{"$id":"1312","name":"Content","syntax":"Liquid","expressions":{"$id":"1313","Liquid":"<!DOCTYPE html>\r\n<html lang=\"en\">\r\n<head>\r\n    <meta charset=\"UTF-8\">\r\n    <meta name=\"viewport\" content=\"width=device-width, initial-scale=1.0\">\r\n    <script src=\"https://cdn.tailwindcss.com\"></script>\r\n    <title>Sponsor Details</title>\r\n</head>\r\n<body class=\"bg-gray-100 font-sans\">\r\n    <header class=\"bg-white shadow p-4 flex justify-between items-center\">\r\n        <button class=\"text-gray-500\" onclick=\"location.href='/'\">&larr;</button>\r\n        <h1 class=\"text-lg font-bold\">Sponsor Details</h1>\r\n        <button class=\"text-gray-500\">&#x1F514;</button>\r\n    </header>\r\n\r\n    <section class=\"p-4 pb-20\">\r\n        <div class=\"bg-blue-700 text-white rounded-lg p-4 text-center\">\r\n            <h2 class=\"text-xl font-bold\" id=\"sponsor-name\">Sponsor Name</h2>\r\n            <p class=\"mt-2\" id=\"sponsor-blurb\">Here is a brief description of the sponsor.</p>\r\n        </div>\r\n\r\n        <div class=\"mt-4 bg-white rounded-lg shadow p-4\">\r\n            <h3 class=\"text-lg font-bold\">Branding</h3>\r\n            <img id=\"sponsor-logo\" src=\"https://via.placeholder.com/200\" alt=\"Sponsor Logo\" class=\"w-48 h-auto mt-2\">\r\n        </div>\r\n\r\n        <div class=\"mt-4 bg-white rounded-lg shadow p-4\">\r\n            <h3 class=\"text-lg font-bold\">Documents</h3>\r\n            <ul id=\"sponsor-documents\" class=\"list-disc pl-4 mt-2\">\r\n                <li><a href=\"#\" class=\"text-blue-500\">Document 1</a></li>\r\n                <li><a href=\"#\" class=\"text-blue-500\">Document 2</a></li>\r\n                <li><a href=\"#\" class=\"text-blue-500\">Document 3</a></li>\r\n            </ul>\r\n        </div>\r\n\r\n        <div class=\"mt-4 bg-white rounded-lg shadow p-4\">\r\n            <h3 class=\"text-lg font-bold\">Videos</h3>\r\n            <div id=\"sponsor-videos\" class=\"grid grid-cols-1 sm:grid-cols-2 gap-4 mt-2\">\r\n                <iframe width=\"100%\" height=\"200\" src=\"https://www.youtube.com/embed/dQw4w9WgXcQ\" frameborder=\"0\" allowfullscreen></iframe>\r\n                <iframe width=\"100%\" height=\"200\" src=\"https://www.youtube.com/embed/dQw4w9WgXcQ\" frameborder=\"0\" allowfullscreen></iframe>\r\n            </div>\r\n        </div>\r\n\r\n        <div class=\"mt-4 bg-white rounded-lg shadow p-4\">\r\n            <h3 class=\"text-lg font-bold\">Contact Details</h3>\r\n            <p id=\"sponsor-contact\" class=\"mt-2\">Email: <a href=\"mailto:info@sponsor.com\" class=\"text-blue-500\">info@sponsor.com</a></p>\r\n            <p id=\"sponsor-phone\">Phone: (123) 456-7890</p>\r\n        </div>\r\n\r\n        <div class=\"mt-4 bg-white rounded-lg shadow p-4\">\r\n            <h3 class=\"text-lg font-bold\">Social Media</h3>\r\n            <ul id=\"sponsor-social\" class=\"list-none flex space-x-4 mt-2\">\r\n                <li><a href=\"#\" class=\"text-blue-500\">Twitter</a></li>\r\n                <li><a href=\"#\" class=\"text-blue-500\">LinkedIn</a></li>\r\n                <li><a href=\"#\" class=\"text-blue-500\">Facebook</a></li>\r\n                <li><a href=\"#\" class=\"text-blue-500\">Instagram</a></li>\r\n            </ul>\r\n        </div>\r\n    </section>\r\n\r\n    <nav class=\"fixed bottom-0 left-0 w-full bg-white shadow p-4 flex justify-around\">\r\n        <a href=\"/\" class=\"text-gray-500\">Home</a>\r\n        <a href=\"/agenda\" class=\"text-gray-500\">Agenda</a>\r\n        <a href=\"#\" class=\"bg-blue-500 text-white p-2 rounded-full\">QR</a>\r\n        <a href=\"/attendees\" class=\"text-gray-500\">Attendees</a>\r\n        <a href=\"#\" class=\"text-gray-500\">Menu</a>\r\n    </nav>\r\n</body>\r\n</html>\r\n"}},{"$id":"1314","name":"ContentType","expressions":{"$id":"1315","Literal":"text/html"}},{"$id":"1316","name":"StatusCode","expressions":{"$id":"1317","Literal":"OK"}},{"$id":"1318","name":"CharSet","expressions":{"$id":"1319","Literal":"utf-8"}},{"$id":"1320","name":"ResponseHeaders","expressions":{"$id":"1321"}}],"propertyStorageProviders":{"$id":"1322"}}],"connections":[{"$id":"1323","sourceActivityId":"528b8cae-2754-45f0-a409-86b7ec109c3f","targetActivityId":"70d95115-ed4e-46ba-8851-61de15d97044","outcome":"Done"}],"id":"18ef552aaa5e453baa65e47cb133eb2b"}