{"$id":"1248","definitionId":"ed57ccf7cf0d494c8ecb1fed45e41e91","versionId":"ae95371226f84887857e0bc5028b15bd","name":"UI-Speakers","version":1,"variables":{"$id":"1249","data":{}},"customAttributes":{"$id":"1250","data":{}},"isSingleton":false,"persistenceBehavior":"WorkflowBurst","deleteCompletedInstances":false,"isPublished":true,"isLatest":true,"createdAt":"2025-03-12T11:58:07.1267616Z","activities":[{"$id":"1251","activityId":"5bbd6128-090c-4fc9-985c-dee454de07a9","type":"HttpEndpoint","displayName":"GET /speakers","x":64,"y":64,"persistWorkflow":false,"loadWorkflowContext":false,"saveWorkflowContext":false,"properties":[{"$id":"1252","name":"Path","expressions":{"$id":"1253","Literal":"/speakers"}},{"$id":"1254","name":"Methods","expressions":{"$id":"1255","Json":"[\"GET\"]"}},{"$id":"1256","name":"ReadContent","expressions":{"$id":"1257"}},{"$id":"1258","name":"TargetType","expressions":{"$id":"1259"}},{"$id":"1260","name":"Schema","syntax":"Literal","expressions":{"$id":"1261","Literal":""}},{"$id":"1262","name":"Authorize","expressions":{"$id":"1263"}},{"$id":"1264","name":"Policy","expressions":{"$id":"1265"}},{"$id":"1266","name":"AuthorizeWithCustomHeader","expressions":{"$id":"1267"}},{"$id":"1268","name":"CustomHeaderName","expressions":{"$id":"1269"}},{"$id":"1270","name":"CustomHeaderValue","expressions":{"$id":"1271"}}],"propertyStorageProviders":{"$id":"1272"}},{"$id":"1273","activityId":"2faa166b-3134-470c-a430-5160df3f1e2d","type":"WriteHttpResponse","displayName":"HTTP Response","x":560,"y":320,"persistWorkflow":false,"loadWorkflowContext":false,"saveWorkflowContext":false,"properties":[{"$id":"1274","name":"Content","syntax":"Liquid","expressions":{"$id":"1275","Liquid":"<!DOCTYPE html>\r\n<html lang=\"en\">\r\n<head>\r\n    <meta charset=\"UTF-8\">\r\n    <meta name=\"viewport\" content=\"width=device-width, initial-scale=1.0\">\r\n    <script src=\"https://cdn.tailwindcss.com\"></script>\r\n    <title>Speaker Bios</title>\r\n    <style>\r\n        .hidden { display: none; }\r\n    </style>\r\n</head>\r\n<body class=\"bg-gray-100 font-sans\">\r\n    <header class=\"bg-white shadow p-4 flex justify-between items-center\">\r\n        <button class=\"text-gray-500\">&larr;</button>\r\n        <h1 class=\"text-lg font-bold\">Speakers</h1>\r\n        <button class=\"text-gray-500\">&#x1F514;</button>\r\n    </header>\r\n\r\n    <section class=\"p-4\">\r\n        <div class=\"bg-blue-700 text-white rounded-lg p-4 text-center\">\r\n            <h2 class=\"text-xl font-bold\">Speaker Bios</h2>\r\n            <p class=\"mt-2\">Learn more about our keynote speakers and session leaders.</p>\r\n        </div>\r\n\r\n        <div class=\"mt-4\">\r\n            <ul id=\"speakerList\" class=\"space-y-4\">\r\n                <!-- Speakers will be dynamically populated here -->\r\n            </ul>\r\n        </div>\r\n    </section>\r\n\r\n    <script>\r\n        // Sample JSON speakers data embedded in the HTML\r\n        const speakersJSON = [\r\n            { \"name\": \"Dr. Jane Doe\", \"title\": \"Keynote Speaker\", \"bio\": \"Dr. Jane Doe is an expert in AI and digital transformation.\", \"photo\": \"https://via.placeholder.com/100\" },\r\n            { \"name\": \"Michael Chen\", \"title\": \"Panelist\", \"bio\": \"Michael Chen specializes in cybersecurity strategies for enterprises.\", \"photo\": \"https://via.placeholder.com/100\" },\r\n            { \"name\": \"Sarah Lee\", \"title\": \"Workshop Leader\", \"bio\": \"Sarah Lee focuses on building sustainable business solutions.\", \"photo\": \"https://via.placeholder.com/100\" }\r\n        ];\r\n\r\n        // Initialize IndexedDB\r\n        const dbName = \"SpeakersDB\";\r\n        const storeName = \"speakers\";\r\n\r\n        function initDB() {\r\n            return new Promise((resolve, reject) => {\r\n                const request = indexedDB.open(dbName, 1);\r\n\r\n                request.onupgradeneeded = (event) => {\r\n                    const db = event.target.result;\r\n                    if (!db.objectStoreNames.contains(storeName)) {\r\n                        db.createObjectStore(storeName, { keyPath: \"name\" });\r\n                    }\r\n                };\r\n\r\n                request.onsuccess = () => resolve(request.result);\r\n                request.onerror = () => reject(request.error);\r\n            });\r\n        }\r\n\r\n        async function syncDataWithDB(data) {\r\n            const db = await initDB();\r\n            const transaction = db.transaction(storeName, \"readwrite\");\r\n            const store = transaction.objectStore(storeName);\r\n\r\n            data.forEach((speaker) => {\r\n                store.put(speaker);\r\n            });\r\n        }\r\n\r\n        async function getSpeakersFromDB() {\r\n            const db = await initDB();\r\n            const transaction = db.transaction(storeName, \"readonly\");\r\n            const store = transaction.objectStore(storeName);\r\n            const speakers = [];\r\n\r\n            return new Promise((resolve) => {\r\n                store.openCursor().onsuccess = (event) => {\r\n                    const cursor = event.target.result;\r\n                    if (cursor) {\r\n                        speakers.push(cursor.value);\r\n                        cursor.continue();\r\n                    } else {\r\n                        resolve(speakers);\r\n                    }\r\n                };\r\n            });\r\n        }\r\n\r\n        async function populateSpeakers() {\r\n            const speakerList = document.getElementById(\"speakerList\");\r\n            speakerList.innerHTML = \"\";\r\n\r\n            const speakers = await getSpeakersFromDB();\r\n            speakers.forEach((speaker) => {\r\n                const li = document.createElement(\"li\");\r\n                li.className = \"bg-white p-4 rounded-lg shadow flex items-center space-x-4\";\r\n                li.innerHTML = `\r\n                    <img src=\"${speaker.photo}\" alt=\"${speaker.name}\" class=\"w-16 h-16 rounded-full\">\r\n                    <div>\r\n                        <h3 class=\"text-lg font-bold\">${speaker.name}</h3>\r\n                        <p class=\"text-sm text-gray-500\">${speaker.title}</p>\r\n                        <p class=\"text-sm text-gray-500 mt-2\">${speaker.bio}</p>\r\n                    </div>\r\n                `;\r\n                speakerList.appendChild(li);\r\n            });\r\n        }\r\n\r\n        // Initial sync and setup\r\n        (async () => {\r\n            await syncDataWithDB(speakersJSON);\r\n            populateSpeakers();\r\n        })();\r\n    </script>\r\n\r\n    <nav class=\"fixed bottom-0 left-0 w-full bg-white shadow p-4 flex justify-around\">\r\n        <a href=\"./index.html\" class=\"text-gray-500\">Home</a>\r\n        <a href=\"./agenda.html\" class=\"text-gray-500\">Agenda</a>\r\n        <a href=\"#\" class=\"bg-blue-500 text-white p-2 rounded-full\">QR</a>\r\n        <a href=\"./attendees.html\" class=\"text-gray-500\">Attendees</a>\r\n        <a href=\"#\" class=\"text-gray-500\">Menu</a>\r\n    </nav>\r\n</body>\r\n</html>\r\n"}},{"$id":"1276","name":"ContentType","expressions":{"$id":"1277","Literal":"text/html"}},{"$id":"1278","name":"StatusCode","expressions":{"$id":"1279","Literal":"OK"}},{"$id":"1280","name":"CharSet","expressions":{"$id":"1281","Literal":"utf-8"}},{"$id":"1282","name":"ResponseHeaders","expressions":{"$id":"1283"}}],"propertyStorageProviders":{"$id":"1284"}}],"connections":[{"$id":"1285","sourceActivityId":"5bbd6128-090c-4fc9-985c-dee454de07a9","targetActivityId":"2faa166b-3134-470c-a430-5160df3f1e2d","outcome":"Done"}],"id":"ae95371226f84887857e0bc5028b15bd"}